-- phpMyAdmin SQL Dump
-- version 5.1.1
-- https://www.phpmyadmin.net/
--
-- Host: 127.0.0.1:3308
-- Generation Time: Feb 26, 2022 at 08:07 PM
-- Server version: 10.4.22-MariaDB
-- PHP Version: 8.0.13

SET SQL_MODE = "NO_AUTO_VALUE_ON_ZERO";
START TRANSACTION;
SET time_zone = "+00:00";


/*!40101 SET @OLD_CHARACTER_SET_CLIENT=@@CHARACTER_SET_CLIENT */;
/*!40101 SET @OLD_CHARACTER_SET_RESULTS=@@CHARACTER_SET_RESULTS */;
/*!40101 SET @OLD_COLLATION_CONNECTION=@@COLLATION_CONNECTION */;
/*!40101 SET NAMES utf8mb4 */;

--
-- Database: `db_sistempakar`
--

-- --------------------------------------------------------

--
-- Table structure for table `data_hasil_training`
--

CREATE TABLE `data_hasil_training` (
  `id` int(12) NOT NULL,
  `problems_id` int(12) NOT NULL,
  `gejala_id` int(21) NOT NULL,
  `belief` double NOT NULL,
  `user_id` int(12) DEFAULT NULL
) ENGINE=InnoDB DEFAULT CHARSET=utf8mb4;

--
-- Dumping data for table `data_hasil_training`
--

INSERT INTO `data_hasil_training` (`id`, `problems_id`, `gejala_id`, `belief`, `user_id`) VALUES
(1, 1, 1, 0.33, 1),
(2, 1, 2, 0.33, 1),
(3, 1, 3, 0.33, 1),
(4, 1, 1, 0.33, 1),
(5, 1, 2, 0.33, 1),
(6, 1, 4, 0.33, 1),
(7, 11, 2, 0.5, 1),
(8, 11, 22, 0.5, 1),
(9, 6, 12, 0.33, 1),
(10, 6, 13, 0.33, 1),
(11, 6, 24, 0.33, 1),
(12, 8, 16, 0.5, 1),
(13, 8, 17, 0.5, 1),
(14, 8, 11, 0.2, 1),
(15, 8, 12, 0.2, 1),
(16, 8, 17, 0.2, 1),
(17, 8, 18, 0.2, 1),
(18, 8, 19, 0.2, 1),
(19, 4, 8, 0.33, 1),
(20, 4, 9, 0.33, 1),
(21, 4, 20, 0.33, 1),
(22, 11, 22, 0.5, 1),
(23, 11, 23, 0.5, 1),
(24, 7, 15, 0.5, 1),
(25, 7, 17, 0.5, 1),
(26, 2, 4, 0.33, 1),
(27, 2, 5, 0.33, 1),
(28, 2, 6, 0.33, 1),
(29, 4, 8, 0.25, 1),
(30, 4, 9, 0.25, 1),
(31, 4, 10, 0.25, 1),
(32, 4, 11, 0.25, 1),
(33, 3, 1, 0.25, 1),
(34, 3, 2, 0.25, 1),
(35, 3, 7, 0.25, 1),
(36, 3, 23, 0.25, 1),
(37, 10, 20, 0.33, 1),
(38, 10, 21, 0.33, 1),
(39, 10, 23, 0.33, 1),
(40, 8, 16, 0.33, 1),
(41, 8, 17, 0.33, 1),
(42, 8, 18, 0.33, 1),
(43, 3, 1, 0.33, 1),
(44, 3, 2, 0.33, 1),
(45, 3, 7, 0.33, 1),
(46, 8, 8, 0.2, 1),
(47, 8, 9, 0.2, 1),
(48, 8, 16, 0.2, 1),
(49, 8, 17, 0.2, 1),
(50, 8, 18, 0.2, 1),
(51, 6, 13, 0.5, 1),
(52, 6, 14, 0.5, 1),
(53, 7, 2, 0.33, 1),
(54, 7, 14, 0.33, 1),
(55, 7, 15, 0.33, 1),
(56, 2, 4, 0.25, 1),
(57, 2, 5, 0.25, 1),
(58, 2, 6, 0.25, 1),
(59, 2, 20, 0.25, 1),
(60, 9, 2, 0.33, 1),
(61, 9, 12, 0.33, 1),
(62, 9, 18, 0.33, 1),
(63, 9, 12, 0.33, 1),
(64, 9, 18, 0.33, 1),
(65, 9, 19, 0.33, 1),
(66, 4, 8, 0.33, 1),
(67, 4, 9, 0.33, 1),
(68, 4, 11, 0.33, 1),
(69, 8, 9, 0.25, 1),
(70, 8, 16, 0.25, 1),
(71, 8, 17, 0.25, 1),
(72, 8, 18, 0.25, 1),
(73, 2, 4, 0.33, 1),
(74, 2, 5, 0.33, 1),
(75, 2, 11, 0.33, 1),
(76, 8, 8, 0.25, 1),
(77, 8, 16, 0.25, 1),
(78, 8, 17, 0.25, 1),
(79, 8, 20, 0.25, 1),
(80, 5, 2, 0.33, 1),
(81, 5, 12, 0.33, 1),
(82, 5, 13, 0.33, 1),
(83, 7, 11, 0.5, 1),
(84, 7, 15, 0.5, 1),
(85, 10, 2, 0.25, 1),
(86, 10, 20, 0.25, 1),
(87, 10, 21, 0.25, 1),
(88, 10, 23, 0.25, 1),
(89, 6, 2, 0.25, 1),
(90, 6, 12, 0.25, 1),
(91, 6, 13, 0.25, 1),
(92, 6, 14, 0.25, 1),
(93, 8, 16, 0.33, 1),
(94, 8, 17, 0.33, 1),
(95, 8, 20, 0.33, 1),
(96, 7, 15, 1, 1),
(97, 6, 2, 0.33, 1),
(98, 6, 13, 0.33, 1),
(99, 6, 14, 0.33, 1),
(100, 11, 2, 0.33, 1),
(101, 11, 11, 0.33, 1),
(102, 11, 22, 0.33, 1),
(103, 6, 13, 0.33, 1),
(104, 6, 14, 0.33, 1),
(105, 6, 24, 0.33, 1),
(106, 8, 9, 0.25, 1),
(107, 8, 16, 0.25, 1),
(108, 8, 17, 0.25, 1),
(109, 8, 18, 0.25, 1),
(110, 10, 21, 0.5, 1),
(111, 10, 23, 0.5, 1),
(112, 9, 12, 0.33, 1),
(113, 9, 18, 0.33, 1),
(114, 9, 19, 0.33, 1),
(115, 6, 2, 0.33, 1),
(116, 6, 13, 0.33, 1),
(117, 6, 14, 0.33, 1),
(118, 13, 12, 0.33, 1),
(119, 13, 18, 0.33, 1),
(120, 13, 24, 0.33, 1),
(121, 8, 12, 0.25, 1),
(122, 8, 16, 0.25, 1),
(123, 8, 17, 0.25, 1),
(124, 8, 18, 0.25, 1),
(125, 9, 12, 0.5, 1),
(126, 9, 18, 0.5, 1),
(127, 8, 11, 0.25, 1),
(128, 8, 16, 0.25, 1),
(129, 8, 17, 0.25, 1),
(130, 8, 18, 0.25, 1),
(131, 4, 8, 0.17, 1),
(132, 4, 9, 0.17, 1),
(133, 4, 10, 0.17, 1),
(134, 4, 11, 0.17, 1),
(135, 4, 16, 0.17, 1),
(136, 4, 17, 0.17, 1),
(137, 4, 2, 0.2, 1),
(138, 4, 8, 0.2, 1),
(139, 4, 9, 0.2, 1),
(140, 4, 10, 0.2, 1),
(141, 4, 11, 0.2, 1),
(142, 10, 2, 0.33, 1),
(143, 10, 20, 0.33, 1),
(144, 10, 21, 0.33, 1),
(145, 7, 2, 0.5, 1),
(146, 7, 15, 0.5, 1),
(147, 3, 1, 0.25, 1),
(148, 3, 2, 0.25, 1),
(149, 3, 7, 0.25, 1),
(150, 3, 23, 0.25, 1),
(151, 11, 2, 0.33, 1),
(152, 11, 20, 0.33, 1),
(153, 11, 22, 0.33, 1),
(154, 6, 13, 0.5, 1),
(155, 6, 14, 0.5, 1),
(156, 10, 20, 0.5, 1),
(157, 10, 21, 0.5, 1),
(158, 6, 2, 0.33, 1),
(159, 6, 13, 0.33, 1),
(160, 6, 14, 0.33, 1),
(161, 4, 8, 0.25, 1),
(162, 4, 9, 0.25, 1),
(163, 4, 10, 0.25, 1),
(164, 4, 11, 0.25, 1),
(165, 9, 12, 0.33, 1),
(166, 9, 18, 0.33, 1),
(167, 9, 19, 0.33, 1),
(168, 8, 16, 0.33, 1),
(169, 8, 17, 0.33, 1),
(170, 8, 18, 0.33, 1),
(171, 8, 8, 0.25, 1),
(172, 8, 16, 0.25, 1),
(173, 8, 17, 0.25, 1),
(174, 8, 20, 0.25, 1),
(175, 10, 2, 0.25, 1),
(176, 10, 20, 0.25, 1),
(177, 10, 21, 0.25, 1),
(178, 10, 23, 0.25, 1),
(179, 9, 12, 0.33, 1),
(180, 9, 18, 0.33, 1),
(181, 9, 19, 0.33, 1),
(182, 4, 8, 0.25, 1),
(183, 4, 9, 0.25, 1),
(184, 4, 10, 0.25, 1),
(185, 4, 11, 0.25, 1),
(186, 6, 2, 0.33, 1),
(187, 6, 13, 0.33, 1),
(188, 6, 14, 0.33, 1),
(189, 6, 2, 0.2, 1),
(190, 6, 13, 0.2, 1),
(191, 6, 14, 0.2, 1),
(192, 6, 20, 0.2, 1),
(193, 6, 23, 0.2, 1),
(194, 11, 2, 0.33, 1),
(195, 11, 20, 0.33, 1),
(196, 11, 22, 0.33, 1),
(197, 8, 12, 0.25, 1),
(198, 8, 16, 0.25, 1),
(199, 8, 17, 0.25, 1),
(200, 8, 18, 0.25, 1),
(201, 8, 8, 0.25, 1),
(202, 8, 16, 0.25, 1),
(203, 8, 17, 0.25, 1),
(204, 8, 20, 0.25, 1),
(205, 11, 2, 0.33, 1),
(206, 11, 22, 0.33, 1),
(207, 11, 23, 0.33, 1),
(208, 8, 16, 0.33, 1),
(209, 8, 17, 0.33, 1),
(210, 8, 18, 0.33, 1),
(211, 6, 2, 0.33, 1),
(212, 6, 13, 0.33, 1),
(213, 6, 14, 0.33, 1),
(214, 4, 8, 0.25, 1),
(215, 4, 9, 0.25, 1),
(216, 4, 10, 0.25, 1),
(217, 4, 11, 0.25, 1),
(218, 4, 2, 0.25, 1),
(219, 4, 8, 0.25, 1),
(220, 4, 9, 0.25, 1),
(221, 4, 11, 0.25, 1),
(222, 8, 8, 0.25, 1),
(223, 8, 16, 0.25, 1),
(224, 8, 17, 0.25, 1),
(225, 8, 20, 0.25, 1),
(226, 6, 2, 0.33, 1),
(227, 6, 13, 0.33, 1),
(228, 6, 14, 0.33, 1),
(229, 9, 12, 0.33, 1),
(230, 9, 18, 0.33, 1),
(231, 9, 19, 0.33, 1),
(232, 7, 2, 0.5, 1),
(233, 7, 15, 0.5, 1),
(234, 11, 2, 0.5, 1),
(235, 11, 22, 0.5, 1),
(236, 4, 8, 0.25, 1),
(237, 4, 9, 0.25, 1),
(238, 4, 10, 0.25, 1),
(239, 4, 11, 0.25, 1),
(240, 10, 2, 0.25, 1),
(241, 10, 20, 0.25, 1),
(242, 10, 21, 0.25, 1),
(243, 10, 23, 0.25, 1),
(244, 8, 8, 0.33, 1),
(245, 8, 17, 0.33, 1),
(246, 8, 18, 0.33, 1),
(247, 9, 12, 0.33, 1),
(248, 9, 18, 0.33, 1),
(249, 9, 19, 0.33, 1),
(250, 4, 2, 0.25, 1),
(251, 4, 8, 0.25, 1),
(252, 4, 9, 0.25, 1),
(253, 4, 11, 0.25, 1),
(254, 2, 4, 0.33, 1),
(255, 2, 5, 0.33, 1),
(256, 2, 6, 0.33, 1),
(257, 3, 1, 0.33, 1),
(258, 3, 2, 0.33, 1),
(259, 3, 7, 0.33, 1),
(260, 8, 9, 0.25, 1),
(261, 8, 16, 0.25, 1),
(262, 8, 17, 0.25, 1),
(263, 8, 18, 0.25, 1),
(264, 10, 2, 0.25, 1),
(265, 10, 20, 0.25, 1),
(266, 10, 21, 0.25, 1),
(267, 10, 23, 0.25, 1),
(268, 13, 12, 0.5, 1),
(269, 13, 24, 0.5, 1),
(270, 9, 12, 0.33, 1),
(271, 9, 18, 0.33, 1),
(272, 9, 19, 0.33, 1),
(273, 4, 2, 0.25, 1),
(274, 4, 9, 0.25, 1),
(275, 4, 10, 0.25, 1),
(276, 4, 11, 0.25, 1),
(277, 8, 12, 0.25, 1),
(278, 8, 16, 0.25, 1),
(279, 8, 17, 0.25, 1),
(280, 8, 18, 0.25, 1),
(281, 1, 1, 0.25, 1),
(282, 1, 2, 0.25, 1),
(283, 1, 3, 0.25, 1),
(284, 1, 4, 0.25, 1),
(285, 7, 2, 0.5, 1),
(286, 7, 15, 0.5, 1),
(287, 8, 8, 0.25, 1),
(288, 8, 16, 0.25, 1),
(289, 8, 17, 0.25, 1),
(290, 8, 20, 0.25, 1),
(291, 11, 2, 0.33, 1),
(292, 11, 20, 0.33, 1),
(293, 11, 22, 0.33, 1),
(294, 7, 15, 1, 1),
(295, 9, 12, 0.33, 1),
(296, 9, 18, 0.33, 1),
(297, 9, 19, 0.33, 1),
(298, 11, 2, 0.33, 1),
(299, 11, 11, 0.33, 1),
(300, 11, 22, 0.33, 1),
(301, 10, 20, 0.33, 1),
(302, 10, 21, 0.33, 1),
(303, 10, 23, 0.33, 1),
(304, 9, 12, 0.33, 1),
(305, 9, 18, 0.33, 1),
(306, 9, 19, 0.33, 1),
(307, 5, 2, 0.5, 1),
(308, 5, 12, 0.5, 1),
(309, 4, 2, 0.25, 1),
(310, 4, 8, 0.25, 1),
(311, 4, 10, 0.25, 1),
(312, 4, 11, 0.25, 1),
(313, 2, 4, 0.33, 1),
(314, 2, 5, 0.33, 1),
(315, 2, 6, 0.33, 1),
(316, 8, 11, 0.25, 1),
(317, 8, 16, 0.25, 1),
(318, 8, 17, 0.25, 1),
(319, 8, 18, 0.25, 1),
(320, 9, 11, 0.25, 1),
(321, 9, 12, 0.25, 1),
(322, 9, 18, 0.25, 1),
(323, 9, 19, 0.25, 1),
(324, 13, 12, 0.33, 1),
(325, 13, 18, 0.33, 1),
(326, 13, 24, 0.33, 1),
(327, 7, 11, 0.5, 1),
(328, 7, 15, 0.5, 1),
(329, 9, 2, 0.33, 1),
(330, 9, 12, 0.33, 1),
(331, 9, 18, 0.33, 1),
(332, 11, 2, 0.33, 1),
(333, 11, 20, 0.33, 1),
(334, 11, 22, 0.33, 1),
(335, 8, 8, 0.2, 1),
(336, 8, 9, 0.2, 1),
(337, 8, 16, 0.2, 1),
(338, 8, 17, 0.2, 1),
(339, 8, 18, 0.2, 1),
(340, 1, 1, 0.33, 1),
(341, 1, 2, 0.33, 1),
(342, 1, 4, 0.33, 1),
(343, 6, 2, 0.33, 1),
(344, 6, 13, 0.33, 1),
(345, 6, 14, 0.33, 1),
(346, 2, 4, 0.33, 1),
(347, 2, 5, 0.33, 1),
(348, 2, 11, 0.33, 1),
(349, 6, 2, 0.33, 1),
(350, 6, 13, 0.33, 1),
(351, 6, 14, 0.33, 1),
(352, 2, 4, 0.25, 1),
(353, 2, 5, 0.25, 1),
(354, 2, 6, 0.25, 1),
(355, 2, 20, 0.25, 1),
(356, 1, 1, 0.33, 1),
(357, 1, 2, 0.33, 1),
(358, 1, 4, 0.33, 1),
(359, 8, 12, 0.25, 1),
(360, 8, 16, 0.25, 1),
(361, 8, 17, 0.25, 1),
(362, 8, 18, 0.25, 1),
(363, 8, 9, 0.25, 1),
(364, 8, 16, 0.25, 1),
(365, 8, 17, 0.25, 1),
(366, 8, 18, 0.25, 1),
(367, 11, 22, 0.5, 1),
(368, 11, 23, 0.5, 1),
(369, 8, 8, 0.25, 1),
(370, 8, 16, 0.25, 1),
(371, 8, 17, 0.25, 1),
(372, 8, 20, 0.25, 1),
(373, 8, 16, 0.33, 1),
(374, 8, 17, 0.33, 1),
(375, 8, 20, 0.33, 1),
(376, 7, 11, 0.5, 1),
(377, 7, 15, 0.5, 1),
(378, 9, 2, 0.33, 1),
(379, 9, 12, 0.33, 1),
(380, 9, 18, 0.33, 1),
(381, 8, 9, 0.25, 1),
(382, 8, 16, 0.25, 1),
(383, 8, 17, 0.25, 1),
(384, 8, 18, 0.25, 1),
(385, 2, 4, 0.25, 1),
(386, 2, 5, 0.25, 1),
(387, 2, 6, 0.25, 1),
(388, 2, 20, 0.25, 1),
(389, 9, 2, 0.33, 1),
(390, 9, 12, 0.33, 1),
(391, 9, 18, 0.33, 1),
(392, 8, 8, 0.2, 1),
(393, 8, 9, 0.2, 1),
(394, 8, 16, 0.2, 1),
(395, 8, 17, 0.2, 1),
(396, 8, 18, 0.2, 1),
(397, 13, 12, 0.5, 1),
(398, 13, 24, 0.5, 1),
(399, 13, 12, 0.5, 1),
(400, 13, 24, 0.5, 1),
(401, 8, 12, 0.25, 1),
(402, 8, 16, 0.25, 1),
(403, 8, 17, 0.25, 1),
(404, 8, 18, 0.25, 1);

-- --------------------------------------------------------

--
-- Table structure for table `data_training`
--

CREATE TABLE `data_training` (
  `id` int(11) NOT NULL,
  `gejala_id` char(100) NOT NULL,
  `problems_id` int(11) NOT NULL
) ENGINE=InnoDB DEFAULT CHARSET=utf8mb4;

--
-- Dumping data for table `data_training`
--

INSERT INTO `data_training` (`id`, `gejala_id`, `problems_id`) VALUES
(1, 'G01, G02, G03', 1),
(2, 'G01, G02, G04', 1),
(3, 'G02, G22', 11),
(4, 'G12, G13,G24', 6),
(5, 'G16, G17', 8),
(6, 'G11, G12, G17, G18, G19', 8),
(7, 'G08,G09, G20', 4),
(8, 'G22, G23', 11),
(9, 'G15, G17', 7),
(10, 'G04, G05, G06', 2),
(11, 'G08, G09, G10, G11', 4),
(12, 'G01, G02, G07, G23', 3),
(13, 'G20, G21, G23', 10),
(14, 'G16, G17, G18', 8),
(15, 'G01, G02, G07', 3),
(16, 'G08, G09, G16, G17, G18', 8),
(17, 'G13, G14', 6),
(18, 'G02, G14, G15', 7),
(19, 'G04, G05, G06, G20', 2),
(20, 'G02, G12, G18', 9),
(21, 'G12, G18, G19', 9),
(22, 'G08, G09, G11', 4),
(23, 'G09, G16, G17, G18', 8),
(24, 'G04, G05, G11', 2),
(25, 'G08, G16, G17, G20', 8),
(26, 'G02, G12, G13', 5),
(27, 'G11, G15', 7),
(28, 'G02, G20, G21, G23', 10),
(29, 'G02, G12, G13, G14', 6),
(30, 'G16, G17, G20', 8),
(31, 'G15', 7),
(32, 'G02, G13, G14', 6),
(33, 'G02, G11, G22', 11),
(34, 'G13, G14, G24', 6),
(35, 'G09, G16, G17, G18', 8),
(36, 'G21, G23', 10),
(37, 'G12, G18, G19', 9),
(38, 'G02, G13, G14', 6),
(39, 'G12, G18, G24', 13),
(40, 'G12, G16, G17, G18', 8),
(41, 'G12, G18', 9),
(42, 'G11, G16, G17, G18', 8),
(43, 'G08, G09, G10, G11, G16, G17', 4),
(44, 'G02, G08, G09, G10, G11', 4),
(45, 'G02, G20, G21', 10),
(46, 'G02, G15', 7),
(47, 'G01, G02, G07, G23', 3),
(48, 'G02, G20, G22', 11),
(49, 'G13,G14', 6),
(50, 'G20, G21', 10),
(51, 'G02, G13, G14', 6),
(52, 'G08, G09, G10, G11', 4),
(53, 'G12, G18, G19', 9),
(54, 'G16, G17, G18', 8),
(55, 'G08, G16, G17, G20', 8),
(56, 'G02, G20, G21, G23', 10),
(57, 'G12, G18, G19', 9),
(58, 'G08, G09, G10, G11', 4),
(59, 'G02, G13, G14', 6),
(60, 'G02, G13, G14, G20, G23', 6),
(61, 'G02, G20, G22', 11),
(62, 'G12, G16, G17, G18', 8),
(63, 'G08, G16, G17, G20', 8),
(64, 'G02, G22, G23', 11),
(65, 'G16, G17, G18', 8),
(66, 'G02, G13, G14', 6),
(67, 'G08, G09, G10, G11', 4),
(68, 'G02, G08, G09, G11', 4),
(69, 'G08, G16, G17, G20', 8),
(70, 'G02, G13, G14', 6),
(71, 'G12, G18, G19', 9),
(72, 'G02, G15', 7),
(73, 'G02, G22', 11),
(74, 'G08, G09, G10, G11', 4),
(75, 'G02, G20, G21, G23', 10),
(76, 'G08, G17, G18', 8),
(77, 'G12, G18, G19', 9),
(78, 'G02, G08, G09, G11', 4),
(79, 'G04, G05, G06', 2),
(80, 'G01, G02, G07', 3),
(81, 'G09, G16, G17, G18', 8),
(82, 'G02, G20, G21, G23', 10),
(83, 'G12, G24', 13),
(84, 'G12, G18, G19', 9),
(85, 'G02, G09, G10, G11', 4),
(86, 'G12, G16, G17, G18', 8),
(87, 'G01, G02, G03, G04', 1),
(88, 'G02, G15', 7),
(89, 'G08, G16, G17, G20', 8),
(90, 'G02, G20, G22', 11),
(91, 'G15', 7),
(92, 'G12, G18, G19', 9),
(93, 'G02, G11, G22', 11),
(94, 'G20, G21, G23', 10),
(95, 'G12, G18, G19', 9),
(96, 'G02, G12', 5),
(97, 'G02, G08, G10, G11', 4),
(98, 'G04, G05, G06', 2),
(99, 'G11, G16, G17, G18', 8),
(100, 'G11, G12, G18, G19', 9),
(101, 'G12, G18, G24', 13),
(102, 'G11, G15', 7),
(103, 'G02, G12, G18', 9),
(104, 'G02, G20, G22', 11),
(105, 'G08, G09, G16, G17, G18', 8),
(106, 'G01, G02, G04', 1),
(107, 'G02, G13, G14', 6),
(108, 'G04, G05, G11', 2),
(109, 'G02, G13, G14', 6),
(110, 'G04, G05, G06, G20', 2),
(111, 'G01, G02, G04', 1),
(112, 'G12, G16, G17, G18', 8),
(113, 'G09, G16, G17, G18', 8),
(114, 'G22, G23', 11),
(115, 'G08, G16, G17, G20', 8),
(116, 'G16, G17, G20', 8),
(117, 'G11, G15', 7),
(118, 'G02, G12, G18', 9),
(119, 'G09, G16, G17, G18', 8),
(120, 'G04, G05, G06, G20', 2),
(121, 'G02, G12, G18', 9),
(122, 'G08, G09, G16, G17, G18', 8),
(123, 'G12, G24', 13),
(124, 'G12, G24', 13),
(125, 'G12, G16, G17, G18', 8);

-- --------------------------------------------------------

--
-- Table structure for table `data_uji`
--

CREATE TABLE `data_uji` (
  `id` int(11) NOT NULL,
  `gejala_id` char(100) NOT NULL,
  `problems_id` int(11) NOT NULL
) ENGINE=InnoDB DEFAULT CHARSET=utf8mb4;

--
-- Dumping data for table `data_uji`
--

INSERT INTO `data_uji` (`id`, `gejala_id`, `problems_id`) VALUES
(1, 'G01, G02, G03', 1),
(2, 'G01, G02, G04', 1),
(3, 'G02, G22', 11),
(4, 'G12, G13,G24', 6),
(5, 'G16, G17', 8),
(6, 'G11, G12, G17, G18, G19', 8),
(7, 'G08,G09, G20', 4),
(8, 'G22, G23', 11),
(9, 'G15, G17', 7),
(10, 'G04, G05, G06', 2),
(11, 'G08, G09, G10, G11', 4),
(12, 'G01, G02, G07, G23', 3),
(13, 'G20, G21, G23', 10),
(14, 'G16, G17, G18', 8),
(15, 'G01, G02, G07', 3),
(16, 'G08, G09, G16, G17, G18', 8),
(17, 'G13, G14', 6),
(18, 'G02, G14, G15', 7),
(19, 'G04, G05, G06, G20', 2),
(20, 'G02, G12, G18', 9),
(21, 'G12, G18, G19', 9),
(22, 'G08, G09, G11', 4),
(23, 'G09, G16, G17, G18', 8),
(24, 'G04, G05, G11', 2),
(25, 'G08, G16, G17, G20', 8),
(26, 'G02, G12, G13', 5),
(27, 'G11, G15', 7),
(28, 'G02, G20, G21, G23', 10),
(29, 'G02, G12, G13, G14', 6),
(30, 'G16, G17, G20', 8),
(31, 'G15', 7),
(32, 'G02, G13, G14', 6),
(33, 'G02, G11, G22', 11),
(34, 'G13, G14, G24', 6),
(35, 'G09, G16, G17, G18', 8),
(36, 'G21, G23', 10),
(37, 'G12, G18, G19', 9),
(38, 'G02, G13, G14', 6),
(39, 'G12, G18, G24', 13),
(40, 'G12, G16, G17, G18', 8),
(41, 'G12, G18', 9),
(42, 'G11, G16, G17, G18', 8),
(43, 'G08, G09, G10, G11, G16, G17', 4),
(44, 'G02, G08, G09, G10, G11', 4),
(45, 'G02, G20, G21', 10),
(46, 'G02, G15', 7),
(47, 'G01, G02, G07, G23', 3),
(48, 'G02, G20, G22', 11),
(49, 'G13,G14', 6),
(50, 'G20, G21', 10),
(51, 'G02, G13, G14', 6),
(52, 'G08, G09, G10, G11', 4),
(53, 'G12, G18, G19', 9),
(54, 'G16, G17, G18', 8),
(55, 'G08, G16, G17, G20', 8),
(56, 'G02, G20, G21, G23', 10),
(57, 'G12, G18, G19', 9),
(58, 'G08, G09, G10, G11', 4),
(59, 'G02, G13, G14', 6),
(60, 'G02, G13, G14, G20, G23', 6),
(61, 'G02, G20, G22', 11),
(62, 'G12, G16, G17, G18', 8),
(63, 'G08, G16, G17, G20', 8),
(64, 'G02, G22, G23', 11),
(65, 'G16, G17, G18', 8),
(66, 'G02, G13, G14', 6),
(67, 'G08, G09, G10, G11', 4),
(68, 'G02, G08, G09, G11', 4),
(69, 'G08, G16, G17, G20', 8),
(70, 'G02, G13, G14', 6),
(71, 'G12, G18, G19', 9),
(72, 'G02, G15', 7),
(73, 'G02, G22', 11),
(74, 'G08, G09, G10, G11', 4),
(75, 'G02, G20, G21, G23', 10),
(76, 'G08, G17, G18', 8),
(77, 'G12, G18, G19', 9),
(78, 'G02, G08, G09, G11', 4),
(79, 'G04, G05, G06', 2),
(80, 'G01, G02, G07', 3),
(81, 'G09, G16, G17, G18', 8),
(82, 'G02, G20, G21, G23', 10),
(83, 'G12, G24', 13),
(84, 'G12, G18, G19', 9),
(85, 'G02, G09, G10, G11', 4),
(86, 'G12, G16, G17, G18', 8),
(87, 'G01, G02, G03, G04', 1),
(88, 'G02, G15', 7),
(89, 'G08, G16, G17, G20', 8),
(90, 'G02, G20, G22', 11),
(91, 'G15', 7),
(92, 'G12, G18, G19', 9),
(93, 'G02, G11, G22', 11),
(94, 'G20, G21, G23', 10),
(95, 'G12, G18, G19', 9),
(96, 'G02, G12', 5),
(97, 'G02, G08, G10, G11', 4),
(98, 'G04, G05, G06', 2),
(99, 'G11, G16, G17, G18', 8),
(100, 'G11, G12, G18, G19', 9),
(101, 'G12, G18, G24', 13),
(102, 'G11, G15', 7),
(103, 'G02, G12, G18', 9),
(104, 'G02, G20, G22', 11),
(105, 'G08, G09, G16, G17, G18', 8),
(106, 'G01, G02, G04', 1),
(107, 'G02, G13, G14', 6),
(108, 'G04, G05, G11', 2),
(109, 'G02, G13, G14', 6),
(110, 'G04, G05, G06, G20', 2),
(111, 'G01, G02, G04', 1),
(112, 'G12, G16, G17, G18', 8),
(113, 'G09, G16, G17, G18', 8),
(114, 'G22, G23', 11),
(115, 'G08, G16, G17, G20', 8),
(116, 'G16, G17, G20', 8),
(117, 'G11, G15', 7),
(118, 'G02, G12, G18', 9),
(119, 'G09, G16, G17, G18', 8),
(120, 'G04, G05, G06, G20', 2),
(121, 'G02, G12, G18', 9),
(122, 'G08, G09, G16, G17, G18', 8),
(123, 'G12, G24', 13),
(124, 'G12, G24', 13),
(125, 'G12, G16, G17, G18', 8),
(126, 'G02, G13, G14', 6),
(127, 'G12, G18, G19', 9),
(128, 'G12, G18, G19', 9),
(129, 'G04, G05, G11', 2),
(130, 'G04, G05, G11', 2),
(131, 'G11, G15', 7),
(132, 'G04, G05, G11', 2),
(133, 'G02, G12, G18', 9),
(134, 'G08, G09, G16, G17, G18', 8),
(135, 'G04, G05, G06, G20', 2),
(136, 'G02, G12, G13', 5),
(137, 'G02, G20, G22', 11),
(138, 'G12, G18, G24', 13),
(139, 'G02, G12, G18', 9),
(140, 'G12, G16, G17, G18', 8),
(141, 'G01, G02, G04', 1),
(142, 'G12, G18, G19', 9),
(143, 'G02, G20, G22', 11),
(144, 'G22, G23', 11),
(145, 'G02, G12, G18', 9),
(146, 'G02, G20, G22', 11),
(147, 'G12, G24', 13),
(148, 'G04, G05, G06', 2),
(149, 'G09, G16, G17, G18', 8),
(150, 'G11, G15', 7),
(151, 'G04, G05, G06, G20', 2),
(152, 'G11, G15', 7),
(153, 'G04, G05, G11', 2),
(154, 'G08, G09, G16, G17, G18', 8),
(155, 'G08, G16, G17, G20', 8),
(156, 'G16, G17, G20', 8),
(157, 'G02, G12, G13', 5),
(158, 'G01, G02, G03, G04', 1),
(159, 'G11, G15', 7),
(160, 'G22, G23', 11),
(161, 'G02, G20, G21', 10),
(162, 'G09, G16, G17, G18', 8),
(163, 'G02, G12, G18', 9),
(164, 'G12, G16, G17, G18', 8),
(165, 'G12, G16, G17, G18', 8),
(166, 'G02, G12, G13', 5),
(167, 'G11, G15', 7),
(168, 'G01, G02, G04', 1),
(169, 'G12, G18, G19', 9),
(170, 'G12, G18, G19', 9),
(171, 'G12, G16, G17, G18', 8),
(172, 'G12, G18, G19', 9),
(173, 'G12, G18, G24', 13),
(174, 'G12, G24', 13),
(175, 'G11, G15', 7),
(176, 'G04, G05, G11', 2),
(177, 'G02, G20, G21', 10),
(178, 'G12, G24', 13),
(179, 'G01, G02, G07, G23', 3),
(180, 'G01, G02, G07', 3),
(181, 'G02, G20, G21', 10),
(182, 'G04, G05, G11', 2),
(183, 'G02, G20, G21', 10),
(184, 'G01, G02, G07, G23', 3),
(185, 'G01, G02, G07', 3),
(186, 'G12, G18, G24', 13),
(187, 'G02, G12, G18', 9),
(188, 'G11, G15', 7),
(189, 'G02, G20, G21', 10),
(190, 'G04, G05, G11', 2),
(191, 'G12, G18, G19', 9),
(192, 'G12, G18, G19', 9),
(193, 'G02, G12, G13', 5),
(194, 'G04, G05, G11', 2),
(195, 'G02, G20, G21', 10),
(196, 'G01, G02, G03', 1),
(197, 'G01, G02, G04', 1),
(198, 'G01, G02, G04', 1),
(199, 'G11, G15', 7),
(200, 'G01, G02, G03, G04', 1),
(201, 'G01, G02, G03, G04', 1),
(202, 'G02, G20, G21', 10),
(203, 'G09, G16, G17, G18', 8),
(204, 'G08, G16, G17, G20', 8),
(205, 'G16, G17, G20', 8),
(206, 'G11, G15', 7),
(207, 'G12, G24', 13),
(208, 'G09, G16, G17, G18', 8),
(209, 'G12, G16, G17, G18', 8),
(210, 'G12, G18, G24', 13),
(211, 'G12, G24', 13),
(212, 'G12, G18, G24', 13),
(213, 'G02, G12, G13', 5),
(214, 'G02, G12', 5),
(215, 'G22, G23', 11),
(216, 'G02, G20, G21', 10),
(217, 'G02, G12, G13', 5),
(218, 'G11, G15', 7),
(219, 'G02, G20, G21', 10),
(220, 'G22, G23', 11),
(221, 'G12, G18, G19', 9),
(222, 'G12, G18, G19', 9),
(223, 'G11, G15', 7),
(224, 'G02, G12, G13', 5),
(225, 'G01, G02, G07, G23', 3),
(226, 'G01, G02, G07', 3),
(227, 'G01, G02, G07, G23', 3),
(228, 'G01, G02, G04', 1),
(229, 'G02, G20, G21', 10),
(230, 'G11, G15', 7),
(231, 'G12, G18, G24', 13),
(232, 'G02, G13, G14', 6),
(233, 'G01, G02, G07', 3),
(234, 'G01, G02, G03', 1),
(235, 'G02, G12, G18', 9),
(236, 'G02, G13, G14', 6),
(237, 'G12, G24', 13),
(238, 'G02, G13, G14', 6),
(239, 'G12, G18, G19', 9),
(240, 'G12, G18, G19', 9),
(241, 'G11, G15', 7),
(242, 'G01, G02, G04', 1),
(243, 'G02, G20, G21', 10),
(244, 'G01, G02, G03, G04', 1),
(245, 'G09, G16, G17, G18', 8),
(246, 'G22, G23', 11),
(247, 'G02, G12, G13', 5),
(248, 'G11, G15', 7),
(249, 'G12, G18, G24', 13),
(250, 'G04, G05, G11', 2),
(251, 'G02, G20, G21', 10),
(252, 'G08, G16, G17, G20', 8),
(253, 'G16, G17, G20', 8),
(254, 'G01, G02, G03, G04', 1),
(255, 'G02, G13, G14', 6),
(256, 'G04, G05, G11', 2),
(257, 'G12, G18, G19', 9),
(258, 'G12, G18, G19', 9),
(259, 'G11, G15', 7),
(260, 'G22, G23', 11),
(261, 'G01, G02, G04', 1),
(262, 'G02, G12, G18', 9),
(263, 'G02, G20, G21', 10),
(264, 'G09, G16, G17, G18', 8),
(265, 'G11, G15', 7),
(266, 'G02, G20, G21', 10),
(267, 'G12, G18, G24', 13),
(268, 'G12, G16, G17, G18', 8),
(269, 'G02, G22', 11),
(270, 'G22, G23', 11),
(271, 'G02, G11, G22', 11),
(272, 'G12, G18, G19', 9),
(273, 'G12, G18, G19', 9),
(274, 'G12, G18, G24', 13),
(275, 'G12, G18, G19', 9),
(276, 'G12, G18, G19', 9),
(277, 'G02, G12, G13', 5),
(278, 'G02, G12, G18', 9),
(279, 'G02, G13, G14', 6),
(280, 'G11, G15', 7),
(281, 'G02, G20, G21', 10),
(282, 'G02, G20, G21', 10),
(283, 'G12, G24', 13),
(284, 'G16, G17, G18', 8),
(285, 'G12, G18, G24', 13),
(286, 'G08, G16, G17, G20', 8),
(287, 'G12, G16, G17, G18', 8),
(288, 'G01, G02, G07, G23', 3),
(289, 'G12, G24', 13),
(290, 'G01, G02, G07', 3),
(291, 'G01, G02, G07, G23', 3),
(292, 'G01, G02, G04', 1),
(293, 'G12, G18, G19', 9),
(294, 'G12, G18, G19', 9),
(295, 'G22, G23', 11),
(296, 'G02, G12, G18', 9),
(297, 'G22, G23', 11),
(298, 'G11, G15', 7),
(299, 'G01, G02, G03, G04', 1),
(300, 'G02, G13, G14', 6),
(301, 'G02, G20, G21', 10),
(302, 'G02, G20, G21', 10),
(303, 'G12, G18, G24', 13),
(304, 'G02, G12, G13', 5),
(305, 'G01, G02, G07', 3),
(306, 'G01, G02, G03', 1),
(307, 'G01, G02, G04', 1),
(308, 'G01, G02, G03, G04', 1),
(309, 'G11, G15', 7),
(310, 'G09, G16, G17, G18', 8),
(311, 'G08, G16, G17, G20', 8),
(312, 'G02, G12, G18', 9),
(313, 'G12, G24', 13),
(314, 'G02, G13, G14', 6),
(315, 'G02, G20, G22', 11),
(316, 'G02, G13, G14', 6),
(317, 'G02, G20, G21', 10),
(318, 'G12, G18, G19', 9),
(319, 'G12, G18, G19', 9),
(320, 'G01, G02, G03', 1),
(321, 'G12, G18, G24', 13),
(322, 'G16, G17, G20', 8),
(323, 'G02, G12, G18', 9),
(324, 'G09, G16, G17, G18', 8),
(325, 'G12, G16, G17, G18', 8),
(326, 'G02, G20, G22', 11),
(327, 'G11, G15', 7),
(328, 'G02, G13, G14', 6),
(329, 'G01, G02, G03, G04', 1),
(330, 'G16, G17, G18', 8),
(331, 'G02, G20, G22', 11),
(332, 'G08, G16, G17, G20', 8),
(333, 'G02, G13, G14', 6),
(334, 'G12, G18, G24', 13),
(335, 'G22, G23', 11),
(336, 'G12, G16, G17, G18', 8),
(337, 'G02, G12, G13', 5),
(338, 'G02, G12, G18', 9),
(339, 'G11, G15', 7),
(340, 'G01, G02, G07, G23', 3),
(341, 'G04, G05, G11', 2),
(342, 'G01, G02, G07', 3),
(343, 'G12, G24', 13),
(344, 'G01, G02, G07, G23', 3),
(345, 'G01, G02, G07', 3),
(346, 'G04, G05, G11', 2),
(347, 'G11, G15', 7),
(348, 'G01, G02, G03', 1),
(349, 'G12, G18, G24', 13),
(350, 'G01, G02, G03', 1),
(351, 'G01, G02, G04', 1),
(352, 'G01, G02, G03, G04', 1),
(353, 'G02, G12, G18', 9),
(354, 'G02, G20, G22', 11),
(355, 'G22, G23', 11),
(356, 'G12, G24', 13),
(357, 'G01, G02, G03', 1),
(358, 'G02, G13, G14', 6),
(359, 'G01, G02, G04', 1),
(360, 'G01, G02, G03, G04', 1),
(361, 'G12, G18, G24', 13),
(362, 'G20, G21, G23', 10),
(363, 'G02, G20, G21, G23', 10),
(364, 'G21, G23', 10),
(365, 'G11, G15', 7),
(366, 'G02, G20, G21', 10),
(367, 'G20, G21', 10),
(368, 'G02, G20, G21, G23', 10),
(369, 'G22, G23', 11),
(370, 'G02, G12, G13', 5),
(371, 'G12, G18, G24', 13),
(372, 'G02, G20, G21, G23', 10),
(373, 'G02, G20, G21, G23', 10),
(374, 'G02, G20, G21', 10),
(375, 'G02, G20, G22', 11),
(376, 'G22, G23', 11),
(377, 'G01, G02, G03', 1),
(378, 'G20, G21, G23', 10),
(379, 'G01, G02, G07', 3),
(380, 'G02, G12, G18', 9),
(381, 'G01, G02, G07, G23', 3),
(382, 'G02, G13, G14', 6),
(383, 'G11, G15', 7),
(384, 'G08, G09, G16, G17, G18', 8),
(385, 'G02, G13, G14', 6),
(386, 'G12, G24', 13),
(387, 'G01, G02, G07', 3),
(388, 'G02, G20, G21', 10),
(389, 'G02, G20, G22', 11),
(390, 'G02, G20, G21', 10),
(391, 'G02, G20, G22', 11),
(392, 'G12, G18', 9),
(393, 'G01, G02, G03', 1),
(394, 'G12, G16, G17, G18', 8),
(395, 'G01, G02, G04', 1),
(396, 'G12, G18', 9),
(397, 'G08, G09, G10, G11', 4),
(398, 'G12, G18, G24', 13),
(399, 'G02, G12, G18', 9),
(400, 'G12, G16, G17, G18', 8),
(401, 'G11, G15', 7),
(402, 'G22, G23', 11),
(403, 'G02, G12, G13', 5),
(404, 'G22, G23', 11),
(405, 'G02, G20, G21', 10),
(406, 'G02, G20, G22', 11),
(407, 'G01, G02, G03', 1),
(408, 'G12, G18', 9),
(409, 'G12, G16, G17, G18', 8),
(410, 'G01, G02, G03, G04', 1),
(411, 'G02, G12, G18', 9),
(412, 'G02, G13, G14', 6),
(413, 'G12, G18, G19', 9),
(414, 'G08, G09, G10, G11', 4),
(415, 'G02, G13, G14', 6),
(416, 'G12, G18, G19', 9),
(417, 'G02, G12, G18', 9),
(418, 'G12, G16, G17, G18', 8),
(419, 'G12, G18', 9),
(420, 'G12, G18, G19', 9),
(421, 'G11, G15', 7),
(422, 'G02, G20, G22', 11),
(423, 'G12, G18', 9),
(424, 'G02, G13, G14', 6),
(425, 'G08, G09, G10, G11', 4),
(426, 'G12, G24', 13),
(427, 'G12, G16, G17, G18', 8),
(428, 'G12, G16, G17, G18', 8),
(429, 'G12, G18', 9),
(430, 'G02, G20, G21', 10),
(431, 'G22, G23', 11),
(432, 'G22, G23', 11),
(433, 'G12, G18, G19', 9),
(434, 'G01, G02, G03, G04', 1),
(435, 'G02, G12, G18', 9),
(436, 'G12, G18, G24', 13),
(437, 'G08, G09, G10, G11', 4),
(438, 'G02, G13, G14', 6),
(439, 'G12, G18, G19', 9),
(440, 'G01, G02, G03', 1),
(441, 'G08, G09, G16, G17, G18', 8),
(442, 'G08, G09, G16, G17, G18', 8),
(443, 'G02, G20, G22', 11),
(444, 'G12, G18', 9),
(445, 'G12, G16, G17, G18', 8),
(446, 'G02, G20, G21', 10),
(447, 'G12, G18, G19', 9),
(448, 'G22, G23', 11),
(449, 'G12, G18, G19', 9),
(450, 'G12, G18, G19', 9),
(451, 'G02, G12, G13', 5),
(452, 'G12, G18, G24', 13),
(453, 'G02, G20, G22', 11),
(454, 'G12, G18', 9),
(455, 'G02, G13, G14', 6),
(456, 'G08, G09, G10, G11', 4),
(457, 'G04, G05, G11', 2),
(458, 'G12, G16, G17, G18', 8),
(459, 'G02, G20, G22', 11),
(460, 'G08, G09, G16, G17, G18', 8),
(461, 'G01, G02, G03, G04', 1),
(462, 'G12, G16, G17, G18', 8),
(463, 'G02, G20, G21', 10),
(464, 'G12, G18, G24', 13),
(465, 'G22, G23', 11),
(466, 'G12, G18', 9),
(467, 'G02, G20, G22', 11),
(468, 'G02, G12, G18', 9),
(469, 'G02, G11, G22', 11),
(470, 'G08, G09, G10, G11', 4),
(471, 'G04, G05, G11', 2),
(472, 'G15', 7),
(473, 'G01, G02, G03', 1),
(474, 'G02, G20, G22', 11),
(475, 'G12, G18, G19', 9),
(476, 'G12, G16, G17, G18', 8),
(477, 'G11, G12, G18, G19', 9),
(478, 'G01, G02, G07', 3),
(479, 'G12, G18, G24', 13),
(480, 'G02, G20, G21', 10),
(481, 'G15', 7),
(482, 'G08, G09, G10, G11', 4),
(483, 'G02, G20, G22', 11),
(484, 'G12, G18', 9),
(485, 'G22, G23', 11),
(486, 'G02, G12, G18', 9),
(487, 'G12, G24', 13),
(488, 'G09, G16, G17, G18', 8),
(489, 'G02, G13, G14', 6),
(490, 'G02, G13, G14', 6),
(491, 'G15', 7),
(492, 'G02, G11, G22', 11),
(493, 'G01, G02, G03, G04', 1),
(494, 'G12, G16, G17, G18', 8),
(495, 'G01, G02, G07, G23', 3),
(496, 'G12, G18, G24', 13),
(497, 'G02, G12, G13', 5),
(498, 'G02, G20, G21', 10),
(499, 'G12, G18', 9),
(500, 'G01, G02, G07', 3),
(501, 'G02, G20, G22', 11),
(502, 'G02, G12, G18', 9),
(503, 'G01, G02, G03', 1),
(504, 'G01, G02, G03', 1),
(505, 'G02, G11, G22', 11),
(506, 'G09, G16, G17, G18', 8),
(507, 'G01, G02, G04', 1),
(508, 'G15', 7),
(509, 'G01, G02, G03, G04', 1),
(510, 'G02, G20, G22', 11),
(511, 'G12, G18, G24', 13),
(512, 'G08, G09, G10, G11', 4),
(513, 'G02, G12, G13', 5),
(514, 'G02, G20, G21', 10),
(515, 'G12, G18', 9),
(516, 'G02, G12', 5),
(517, 'G20, G21, G23', 10),
(518, 'G02, G20, G21, G23', 10),
(519, 'G02, G12, G18', 9),
(520, 'G12, G24', 13),
(521, 'G02, G11, G22', 11),
(522, 'G09, G16, G17, G18', 8),
(523, 'G02, G20, G22', 11),
(524, 'G01, G02, G03, G04', 1),
(525, 'G08, G09, G10, G11', 4),
(526, 'G12, G18, G24', 13),
(527, 'G02, G11, G22', 11),
(528, 'G02, G20, G22', 11),
(529, 'G02, G12, G13', 5),
(530, 'G09, G16, G17, G18', 8),
(531, 'G15', 7),
(532, 'G08, G09, G10, G11', 4),
(533, 'G12, G18', 9),
(534, 'G08,G09, G20', 4),
(535, 'G15', 7),
(536, 'G01, G02, G03, G04', 1),
(537, 'G09, G16, G17, G18', 8),
(538, 'G02, G11, G22', 11),
(539, 'G12, G24', 13),
(540, 'G08, G09, G10, G11', 4),
(541, 'G12, G18, G24', 13),
(542, 'G21, G23', 10),
(543, 'G02, G20, G22', 11),
(544, 'G02, G20, G22', 11),
(545, 'G01, G02, G03', 1),
(546, 'G15', 7),
(547, 'G04, G05, G06', 2),
(548, 'G08,G09, G20', 4),
(549, 'G12, G24', 13),
(550, 'G02, G20, G21', 10),
(551, 'G04, G05, G06', 2),
(552, 'G02, G12, G18', 9),
(553, 'G20, G21', 10),
(554, 'G12, G18, G24', 13),
(555, 'G08, G09, G10, G11', 4),
(556, 'G12, G18', 9),
(557, 'G02, G11, G22', 11),
(558, 'G02, G11, G22', 11),
(559, 'G12, G24', 13),
(560, 'G08, G09, G10, G11', 4),
(561, 'G15', 7),
(562, 'G04, G05, G06', 2),
(563, 'G01, G02, G03, G04', 1),
(564, 'G08,G09, G20', 4),
(565, 'G08, G09, G10, G11', 4),
(566, 'G08,G09, G20', 4),
(567, 'G02, G20, G21, G23', 10),
(568, 'G02, G11, G22', 11),
(569, 'G02, G20, G21, G23', 10),
(570, 'G02, G20, G21, G23', 10),
(571, 'G20, G21, G23', 10),
(572, 'G12, G18', 9),
(573, 'G02, G11, G22', 11),
(574, 'G02, G20, G22', 11),
(575, 'G01, G02, G03', 1),
(576, 'G08,G09, G20', 4),
(577, 'G12, G24', 13),
(578, 'G15', 7),
(579, 'G08,G09, G20', 4),
(580, 'G01, G02, G07, G23', 3),
(581, 'G12, G18, G24', 13),
(582, 'G01, G02, G07', 3),
(583, 'G01, G02, G07, G23', 3),
(584, 'G01, G02, G07', 3),
(585, 'G12, G24', 13),
(586, 'G02, G12, G18', 9),
(587, 'G01, G02, G03, G04', 1),
(588, 'G08, G09, G10, G11', 4),
(589, 'G08, G09, G10, G11', 4),
(590, 'G12, G18', 9),
(591, 'G08, G16, G17, G20', 8),
(592, 'G12, G24', 13),
(593, 'G08, G17, G18', 8),
(594, 'G09, G16, G17, G18', 8),
(595, 'G15', 7),
(596, 'G12, G18, G24', 13),
(597, 'G13,G14', 6),
(598, 'G08,G09, G20', 4),
(599, 'G01, G02, G03, G04', 1),
(600, 'G02, G12, G13', 5),
(601, 'G08, G09, G10, G11', 4),
(602, 'G04, G05, G11', 2),
(603, 'G04, G05, G06', 2),
(604, 'G02, G20, G22', 11),
(605, 'G02, G12', 5),
(606, 'G12, G24', 13),
(607, 'G12, G16, G17, G18', 8),
(608, 'G04, G05, G06', 2),
(609, 'G04, G05, G06, G20', 2),
(610, 'G02, G12, G13', 5),
(611, 'G13,G14', 6),
(612, 'G15', 7),
(613, 'G08,G09, G20', 4),
(614, 'G12, G18, G24', 13),
(615, 'G08,G09, G20', 4),
(616, 'G02, G12, G18', 9),
(617, 'G08, G09, G10, G11', 4),
(618, 'G12, G18', 9),
(619, 'G04, G05, G06', 2),
(620, 'G01, G02, G03', 1),
(621, 'G12, G24', 13),
(622, 'G02, G13, G14', 6),
(623, 'G13,G14', 6),
(624, 'G04, G05, G06, G20', 2),
(625, 'G02, G13, G14', 6),
(626, 'G12, G18', 9),
(627, 'G12, G24', 13),
(628, 'G08,G09, G20', 4),
(629, 'G12, G16, G17, G18', 8),
(630, 'G08,G09, G20', 4),
(631, 'G02, G20, G22', 11),
(632, 'G12, G18, G24', 13),
(633, 'G08, G09, G10, G11', 4),
(634, 'G02, G12, G18', 9),
(635, 'G04, G05, G06', 2),
(636, 'G04, G05, G06, G20', 2),
(637, 'G02, G13, G14', 6),
(638, 'G13,G14', 6),
(639, 'G12, G18', 9),
(640, 'G02, G13, G14', 6),
(641, 'G12, G24', 13),
(642, 'G09, G16, G17, G18', 8),
(643, 'G12, G16, G17, G18', 8),
(644, 'G08, G16, G17, G20', 8),
(645, 'G11, G16, G17, G18', 8),
(646, 'G02, G12, G13', 5),
(647, 'G12, G18, G24', 13),
(648, 'G08, G09, G10, G11', 4),
(649, 'G08,G09, G20', 4),
(650, 'G02, G20, G22', 11),
(651, 'G04, G05, G06, G20', 2),
(652, 'G08,G09, G20', 4),
(653, 'G01, G02, G03', 1),
(654, 'G13,G14', 6),
(655, 'G01, G02, G07', 3),
(656, 'G04, G05, G11', 2),
(657, 'G04, G05, G06', 2),
(658, 'G04, G05, G06', 2),
(659, 'G12, G24', 13),
(660, 'G02, G12, G18', 9),
(661, 'G12, G16, G17, G18', 8),
(662, 'G12, G18, G19', 9),
(663, 'G08, G09, G10, G11', 4),
(664, 'G12, G18', 9),
(665, 'G12, G18, G24', 13),
(666, 'G11, G12, G18, G19', 9),
(667, 'G02, G12, G18', 9),
(668, 'G08,G09, G20', 4),
(669, 'G04, G05, G06, G20', 2),
(670, 'G12, G18', 9),
(671, 'G13,G14', 6),
(672, 'G12, G16, G17, G18', 8),
(673, 'G04, G05, G06, G20', 2),
(674, 'G01, G02, G07, G23', 3),
(675, 'G12, G24', 13),
(676, 'G01, G02, G07', 3),
(677, 'G08, G09, G10, G11', 4),
(678, 'G12, G24', 13),
(679, 'G02, G12, G13', 5),
(680, 'G12, G18, G24', 13),
(681, 'G08,G09, G20', 4),
(682, 'G01, G02, G07, G23', 3),
(683, 'G01, G02, G03', 1),
(684, 'G02, G20, G22', 11),
(685, 'G12, G16, G17, G18', 8),
(686, 'G08,G09, G20', 4),
(687, 'G12, G18', 9),
(688, 'G01, G02, G07', 3),
(689, 'G09, G16, G17, G18', 8),
(690, 'G12, G16, G17, G18', 8),
(691, 'G08, G16, G17, G20', 8),
(692, 'G11, G16, G17, G18', 8),
(693, 'G01, G02, G07', 3),
(694, 'G12, G24', 13),
(695, 'G12, G18, G24', 13),
(696, 'G02, G12, G18', 9),
(697, 'G12, G16, G17, G18', 8),
(698, 'G08,G09, G20', 4),
(699, 'G04, G05, G06, G20', 2),
(700, 'G08, G16, G17, G20', 8),
(701, 'G08, G17, G18', 8),
(702, 'G22, G23', 11),
(703, 'G13,G14', 6),
(704, 'G09, G16, G17, G18', 8),
(705, 'G12, G18', 9),
(706, 'G01, G02, G07', 3),
(707, 'G12, G16, G17, G18', 8),
(708, 'G02, G12, G13', 5),
(709, 'G12, G18, G24', 13),
(710, 'G01, G02, G03, G04', 1),
(711, 'G08,G09, G20', 4),
(712, 'G02, G12', 5),
(713, 'G01, G02, G03', 1),
(714, 'G04, G05, G06', 2),
(715, 'G04, G05, G06, G20', 2),
(716, 'G04, G05, G11', 2),
(717, 'G02, G20, G22', 11),
(718, 'G04, G05, G06, G20', 2),
(719, 'G13,G14', 6),
(720, 'G12, G18', 9),
(721, 'G13,G14', 6),
(722, 'G12, G16, G17, G18', 8),
(723, 'G13,G14', 6),
(724, 'G12, G18, G24', 13),
(725, 'G01, G02, G07', 3),
(726, 'G04, G05, G06', 2),
(727, 'G04, G05, G06', 2),
(728, 'G04, G05, G06, G20', 2),
(729, 'G02, G12, G18', 9),
(730, 'G12, G18, G19', 9),
(731, 'G01, G02, G03, G04', 1),
(732, 'G12, G18', 9),
(733, 'G02, G12, G13', 5),
(734, 'G12, G16, G17, G18', 8),
(735, 'G02, G20, G22', 11),
(736, 'G12, G18, G24', 13),
(737, 'G11, G12, G18, G19', 9),
(738, 'G12, G18', 9),
(739, 'G01, G02, G07, G23', 3),
(740, 'G01, G02, G07', 3),
(741, 'G04, G05, G06, G20', 2),
(742, 'G01, G02, G07, G23', 3),
(743, 'G15', 7),
(744, 'G01, G02, G07', 3),
(745, 'G01, G02, G07', 3),
(746, 'G12, G16, G17, G18', 8),
(747, 'G02, G12, G13', 5),
(748, 'G02, G12', 5),
(749, 'G12, G24', 13),
(750, 'G08,G09, G20', 4),
(751, 'G02, G20, G22', 11),
(752, 'G04, G05, G11', 2),
(753, 'G12, G18', 9),
(754, 'G01, G02, G07, G23', 3),
(755, 'G15', 7),
(756, 'G04, G05, G11', 2),
(757, 'G01, G02, G07', 3),
(758, 'G12, G16, G17, G18', 8),
(759, 'G04, G05, G06, G20', 2),
(760, 'G01, G02, G07, G23', 3),
(761, 'G04, G05, G11', 2),
(762, 'G01, G02, G07', 3),
(763, 'G12, G18, G24', 13),
(764, 'G01, G02, G03, G04', 1),
(765, 'G22, G23', 11),
(766, 'G01, G02, G07', 3),
(767, 'G08,G09, G20', 4),
(768, 'G12, G18', 9),
(769, 'G02, G20, G22', 11),
(770, 'G08,G09, G20', 4),
(771, 'G12, G16, G17, G18', 8),
(772, 'G15', 7),
(773, 'G04, G05, G06', 2),
(774, 'G04, G05, G06, G20', 2),
(775, 'G04, G05, G06, G20', 2),
(776, 'G01, G02, G03', 1),
(777, 'G15', 7),
(778, 'G12, G18, G24', 13),
(779, 'G08,G09, G20', 4),
(780, 'G12, G18', 9),
(781, 'G04, G05, G11', 2),
(782, 'G04, G05, G06', 2),
(783, 'G04, G05, G06, G20', 2),
(784, 'G12, G16, G17, G18', 8),
(785, 'G04, G05, G06', 2),
(786, 'G08, G16, G17, G20', 8),
(787, 'G08, G17, G18', 8),
(788, 'G09, G16, G17, G18', 8),
(789, 'G02, G20, G22', 11),
(790, 'G12, G18, G24', 13),
(791, 'G02, G12, G13', 5),
(792, 'G15', 7),
(793, 'G01, G02, G07, G23', 3),
(794, 'G01, G02, G07', 3),
(795, 'G12, G18', 9),
(796, 'G01, G02, G07, G23', 3),
(797, 'G08,G09, G20', 4),
(798, 'G04, G05, G06, G20', 2),
(799, 'G12, G16, G17, G18', 8),
(800, 'G01, G02, G03, G04', 1),
(801, 'G02, G20, G22', 11),
(802, 'G01, G02, G07', 3),
(803, 'G02, G12, G13', 5),
(804, 'G15', 7),
(805, 'G12, G24', 13),
(806, 'G04, G05, G06, G20', 2),
(807, 'G15', 7),
(808, 'G12, G18, G24', 13),
(809, 'G01, G02, G03', 1),
(810, 'G02, G12', 5),
(811, 'G08,G09, G20', 4),
(812, 'G04, G05, G11', 2),
(813, 'G12, G18', 9),
(814, 'G08, G09, G10, G11', 4),
(815, 'G08, G09, G11', 4),
(816, 'G08,G09, G20', 4),
(817, 'G12, G24', 13),
(818, 'G08, G09, G10, G11, G16, G17', 4),
(819, 'G02, G08, G09, G10, G11', 4),
(820, 'G01, G02, G07', 3),
(821, 'G02, G12, G13', 5),
(822, 'G02, G20, G22', 11),
(823, 'G15', 7),
(824, 'G01, G02, G03, G04', 1),
(825, 'G04, G05, G06, G20', 2),
(826, 'G08, G09, G10, G11', 4),
(827, 'G08, G09, G10, G11', 4),
(828, 'G08, G09, G10, G11', 4),
(829, 'G02, G08, G09, G11', 4),
(830, 'G15', 7),
(831, 'G12, G18', 9),
(832, 'G12, G24', 13),
(833, 'G08,G09, G20', 4),
(834, 'G01, G02, G07', 3),
(835, 'G09, G16, G17, G18', 8),
(836, 'G12, G16, G17, G18', 8),
(837, 'G08, G16, G17, G20', 8),
(838, 'G11, G16, G17, G18', 8),
(839, 'G08, G09, G10, G11', 4),
(840, 'G02, G08, G09, G11', 4),
(841, 'G04, G05, G11', 2),
(842, 'G02, G20, G22', 11),
(843, 'G04, G05, G06, G20', 2),
(844, 'G12, G16, G17, G18', 8),
(845, 'G08,G09, G20', 4),
(846, 'G02, G20, G21', 10),
(847, 'G08,G09, G20', 4),
(848, 'G22, G23', 11),
(849, 'G04, G05, G11', 2),
(850, 'G12, G18', 9),
(851, 'G02, G09, G10, G11', 4),
(852, 'G01, G02, G07', 3),
(853, 'G02, G08, G10, G11', 4),
(854, 'G01, G02, G03', 1),
(855, 'G01, G02, G07', 3),
(856, 'G01, G02, G07, G23', 3),
(857, 'G02, G12, G13', 5),
(858, 'G04, G05, G06, G20', 2),
(859, 'G02, G15', 7),
(860, 'G02, G20, G21', 10),
(861, 'G02, G12', 5),
(862, 'G12, G18, G24', 13),
(863, 'G12, G13,G24', 6),
(864, 'G01, G02, G07', 3),
(865, 'G01, G02, G07', 3),
(866, 'G02, G12, G13', 5),
(867, 'G01, G02, G03', 1),
(868, 'G01, G02, G07', 3),
(869, 'G04, G05, G11', 2),
(870, 'G04, G05, G06, G20', 2),
(871, 'G12, G18', 9),
(872, 'G02, G20, G22', 11),
(873, 'G02, G12, G18', 9),
(874, 'G22, G23', 11),
(875, 'G08,G09, G20', 4),
(876, 'G02, G20, G21', 10),
(877, 'G02, G15', 7),
(878, 'G02, G20, G22', 11),
(879, 'G08,G09, G20', 4),
(880, 'G12, G18, G24', 13),
(881, 'G02, G11, G22', 11),
(882, 'G02, G20, G21', 10),
(883, 'G13, G14', 6),
(884, 'G04, G05, G06, G20', 2),
(885, 'G02, G12, G13, G14', 6),
(886, 'G01, G02, G07', 3),
(887, 'G08,G09, G20', 4),
(888, 'G04, G05, G11', 2),
(889, 'G08,G09, G20', 4),
(890, 'G12, G18', 9),
(891, 'G04, G05, G11', 2),
(892, 'G12, G18, G24', 13),
(893, 'G02, G20, G21', 10),
(894, 'G02, G12, G18', 9),
(895, 'G02, G15', 7),
(896, 'G02, G13, G14', 6),
(897, 'G02, G20, G21', 10),
(898, 'G09, G16, G17, G18', 8),
(899, 'G12, G16, G17, G18', 8),
(900, 'G08, G16, G17, G20', 8),
(901, 'G11, G16, G17, G18', 8),
(902, 'G01, G02, G03', 1),
(903, 'G02, G12, G13', 5),
(904, 'G01, G02, G07', 3),
(905, 'G02, G20, G21', 10),
(906, 'G02, G11, G22', 11),
(907, 'G12, G18, G24', 13),
(908, 'G12, G18', 9),
(909, 'G02, G20, G22', 11),
(910, 'G02, G15', 7),
(911, 'G02, G12, G18', 9),
(912, 'G02, G20, G21', 10),
(913, 'G04, G05, G06, G20', 2),
(914, 'G15', 7),
(915, 'G02, G20, G21', 10),
(916, 'G12, G24', 13),
(917, 'G02, G11, G22', 11),
(918, 'G08, G09, G10, G11', 4),
(919, 'G02, G11, G22', 11),
(920, 'G01, G02, G07', 3),
(921, 'G12, G18, G19', 9),
(922, 'G12, G18, G19', 9),
(923, 'G08, G09, G10, G11', 4),
(924, 'G02, G11, G22', 11),
(925, 'G22, G23', 11),
(926, 'G12, G24', 13),
(927, 'G12, G18', 9),
(928, 'G01, G02, G07', 3),
(929, 'G22, G23', 11),
(930, 'G01, G02, G07', 3),
(931, 'G02, G20, G21', 10),
(932, 'G02, G15', 7),
(933, 'G04, G05, G06, G20', 2),
(934, 'G01, G02, G03, G04', 1),
(935, 'G08, G09, G10, G11', 4),
(936, 'G15', 7),
(937, 'G02, G20, G22', 11),
(938, 'G13, G14, G24', 6),
(939, 'G08, G09, G10, G11', 4),
(940, 'G12, G18, G24', 13),
(941, 'G08, G09, G10, G11', 4),
(942, 'G04, G05, G11', 2),
(943, 'G13,G14', 6),
(944, 'G12, G18, G24', 13),
(945, 'G12, G18', 9),
(946, 'G15', 7),
(947, 'G02, G11, G22', 11),
(948, 'G22, G23', 11),
(949, 'G02, G20, G21', 10),
(950, 'G01, G02, G07', 3),
(951, 'G02, G12, G13', 5),
(952, 'G01, G02, G03', 1),
(953, 'G02, G15', 7),
(954, 'G08, G09, G10, G11', 4),
(955, 'G12, G18, G24', 13),
(956, 'G02, G20, G22', 11),
(957, 'G02, G13, G14', 6),
(958, 'G13,G14', 6),
(959, 'G04, G05, G06, G20', 2),
(960, 'G02, G11, G22', 11),
(961, 'G12, G18, G24', 13),
(962, 'G12, G18', 9),
(963, 'G02, G13, G14', 6),
(964, 'G02, G13, G14', 6),
(965, 'G22, G23', 11),
(966, 'G01, G02, G07', 3),
(967, 'G22, G23', 11),
(968, 'G12, G18, G24', 13),
(969, 'G02, G20, G21', 10),
(970, 'G12, G18, G24', 13),
(971, 'G02, G15', 7),
(972, 'G02, G20, G21', 10),
(973, 'G12, G18', 9),
(974, 'G08, G09, G10, G11', 4),
(975, 'G02, G11, G22', 11),
(976, 'G04, G05, G11', 2),
(977, 'G12, G24', 13),
(978, 'G08,G09, G20', 4),
(979, 'G02, G13, G14, G20, G23', 6),
(980, 'G01, G02, G03, G04', 1),
(981, 'G01, G02, G07', 3),
(982, 'G02, G13, G14', 6),
(983, 'G02, G12, G13', 5),
(984, 'G02, G12, G13', 5),
(985, 'G08, G09, G10, G11', 4),
(986, 'G12, G18, G24', 13),
(987, 'G22, G23', 11),
(988, 'G12, G18, G24', 13),
(989, 'G13,G14', 6),
(990, 'G13,G14', 6),
(991, 'G12, G18', 9),
(992, 'G01, G02, G03, G04', 1),
(993, 'G13,G14', 6),
(994, 'G22, G23', 11),
(995, 'G02, G15', 7),
(996, 'G01, G02, G07', 3),
(997, 'G12, G18, G24', 13),
(998, 'G12, G18', 9),
(999, 'G08,G09, G20', 4),
(1000, 'G02, G12', 5),
(1001, 'G04, G05, G11', 2),
(1002, 'G09, G16, G17, G18', 8),
(1003, 'G12, G16, G17, G18', 8),
(1004, 'G08, G16, G17, G20', 8),
(1005, 'G11, G16, G17, G18', 8),
(1006, 'G12, G24', 13),
(1007, 'G02, G12, G18', 9),
(1008, 'G01, G02, G03, G04', 1),
(1009, 'G08, G09, G10, G11', 4),
(1010, 'G08, G09, G10, G11', 4),
(1011, 'G12, G18', 9),
(1012, 'G02, G11, G22', 11),
(1013, 'G21, G20', 12),
(1014, 'G22, G08', 12),
(1015, 'G22, G02', 12),
(1016, 'G12, G23', 12);

-- --------------------------------------------------------

--
-- Table structure for table `gejala`
--

CREATE TABLE `gejala` (
  `id` int(12) NOT NULL,
  `code` varchar(25) NOT NULL,
  `name` varchar(50) NOT NULL,
  `description` varchar(255) NOT NULL
) ENGINE=InnoDB DEFAULT CHARSET=utf8mb4;

--
-- Dumping data for table `gejala`
--

INSERT INTO `gejala` (`id`, `code`, `name`, `description`) VALUES
(1, 'G01', 'Bercak-bercak putih pada daun', 'Bercak-bercak putih pada daun adalah'),
(2, 'G02', 'Daun mengering', 'Daun mengering adalaha'),
(3, 'G03', 'Seluruh helaian daun penuh dengan korokan', 'Seluruh helaian daun penuh dengan korokan adlaah'),
(4, 'G04', 'Daun berlubang tidak beraturan', 'Daun berlubang tidak beraturan adalah'),
(5, 'G05', 'Umbi habis termakan ulat', 'Umbi habis termakan ulat adalah'),
(6, 'G06', 'Daun menjadi pipih', 'Daun menjadi pipih adalah'),
(7, 'G07', 'Ujung daun berlubang', 'Ujung daun berlubang adalah'),
(8, 'G08', 'Daun tampak mengeriting', 'Daun tampak mengeriting adlaah'),
(9, 'G09', 'Daun akan berliku', 'Daun akan berliku adlaah'),
(10, 'G10', 'Warna daun kelabu', 'Warna daun kelabua adalah'),
(11, 'G11', 'Ujung daun bengkok', 'Ujung daun bengkok adalah'),
(12, 'G12', 'Akar rusak', 'Akar rusak adlaah'),
(13, 'G13', 'Tangkai daun rusak', 'Tangkai daun rusak adlaah'),
(14, 'G14', 'Pangkal daun rusak', 'Pangkal daun rusak adalah'),
(15, 'G15', 'Bercak-bercak kekuning-kuningan', 'Bercak-bercak kekuning-kuningan adalah'),
(16, 'G16', 'Bercak Berwarna Ungu', 'Bercak Berwarna Ungu adalah'),
(17, 'G17', 'Ujung daun mengering', 'Bercak Berwarna Ungu adlaah'),
(18, 'G18', 'Umbi membusuk', 'Umbi membusuk adalah'),
(19, 'G19', 'Pangkal daun memanjang', 'Pangkal daun memanjang adalah'),
(20, 'G20', 'Tangkai daun mengering', 'Tangkai daun mengering adalah'),
(21, 'G21', 'Ujung daun berwarna puca', 'Ujung daun berwarna puca adlaah'),
(22, 'G22', 'Terdapat kumpulan titik hitam melingkar', 'Terdapat kumpulan titik hitam melingka adlaah'),
(23, 'G23', 'Pangkal daun mengering', 'Pangkal daun mengering adalah'),
(24, 'G24', 'Tangkai daun membusuk', 'Tangkai daun membusuk adlaha');

-- --------------------------------------------------------

--
-- Table structure for table `problems`
--

CREATE TABLE `problems` (
  `id` int(12) NOT NULL,
  `code` varchar(25) NOT NULL,
  `name` varchar(50) NOT NULL,
  `description` varchar(50) NOT NULL,
  `image` varchar(50) NOT NULL,
  `solution` varchar(255) NOT NULL
) ENGINE=InnoDB DEFAULT CHARSET=utf8mb4;

--
-- Dumping data for table `problems`
--

INSERT INTO `problems` (`id`, `code`, `name`, `description`, `image`, `solution`) VALUES
(1, 'P01', 'Lalat Pengorok Daun', 'Lalat Pengorok Daun adalah', '', 'Solusi yang bisa dilakukan adalah'),
(2, 'P02', 'Ulat Grayak', 'Ulat Grayak adalah', '3f22538287704a8725a5dbcd1b878c69.jpg', 'cara mengatasinya Ulat Grayak adalah'),
(3, 'P03', 'Ulat Bawang', 'Ulat Bawang adalah', '48e306add2ccb7a9796837a84876b1a1.png', 'cara mengatasi Ulat Bawang'),
(4, 'P04', 'Hama Putih Atau Trips', 'Hama Putih Atau Trips adalah', 'b4f51d6271d974c22ce95c09700b3836.jpg', 'cara mengatasi Hama Putih Atau Trips'),
(5, 'P05', 'Orong-Orong', 'Orong-Orong adalah', '58dd6ffbbabc0308e7bd1facd61da7f6.png', 'cara mengatasi Orong-Orong'),
(6, 'P06', 'Ulat Tanah', 'Ulat Tanah adalah', 'c41e09d5c1bc68ebcad094af0c12b81b.jpg', 'Cara mengatasi Ulat Tanah'),
(7, 'P07', 'Penyakit Ngelumpruk Atau Leumpeuh', 'Penyakit Ngelumpruk Atau Leumpeuh adalah', '7a389522fe559a3aa4efe60ad1680007.jpg', 'cara mengatasi Penyakit Ngelumpruk Atau Leumpeuh'),
(8, 'P08', 'Bercak ungu atau Trotol', 'Bercak ungu atau Trotol adalah', '3c19fff68b3659f7be660a5ba9e175c7.jpg', 'cara mengatasi Bercak ungu atau Trotol'),
(9, 'P09', 'Penyakit Moler', 'Penyakit Moler adalah', 'ce42c392e359e3d84538fb9f4f4be151.PNG', 'cara mengatasi Penyakit Moler'),
(10, 'P10', 'Embun Buluk', 'Embun Buluk adalah', 'ad5e0702ffd789bac039f71b078af568.JPG', 'cara mengatasi Embun Buluk'),
(11, 'P11', 'Antraknosa', 'Antraknosa adalah', '92f607fc36b3dc029a3231b3062e1480.jpg', 'cara mengatasi Antraknosa'),
(12, 'P12', 'Bercak Daun', 'Bercak Daun adalah', '43029a1abbd4c7f1e07833268d681a9a.jpg', 'cara mengatasi Bercak Daun'),
(13, 'P13', 'Busuk leher akar', 'Busuk leher akar adlaah', '7bca2bcd9da6c24b95b2d897de5fea04.JPG', 'cara megatasi Busuk leher akar');

-- --------------------------------------------------------

--
-- Table structure for table `riwayat_diagnosis`
--

CREATE TABLE `riwayat_diagnosis` (
  `id` int(12) NOT NULL,
  `id_user` int(12) NOT NULL,
  `id_problems` int(12) NOT NULL
) ENGINE=InnoDB DEFAULT CHARSET=utf8mb4;

-- --------------------------------------------------------

--
-- Table structure for table `rules`
--

CREATE TABLE `rules` (
  `id` int(12) NOT NULL,
  `code` varchar(25) NOT NULL,
  `belief` double NOT NULL,
  `problems_id` int(12) NOT NULL,
  `gejala_id` int(12) NOT NULL
) ENGINE=InnoDB DEFAULT CHARSET=utf8mb4;

--
-- Dumping data for table `rules`
--

INSERT INTO `rules` (`id`, `code`, `belief`, `problems_id`, `gejala_id`) VALUES
(1, 'R01', 0.31, 1, 1),
(2, 'R02', 0.31, 1, 2),
(3, 'R03', 0.29, 1, 3),
(4, 'R04', 0.31, 1, 4),
(5, 'R05', 0.3, 2, 4),
(6, 'R06', 0.3, 2, 5),
(7, 'R07', 0.29, 2, 6),
(8, 'R08', 0.33, 2, 11),
(9, 'R09', 0.25, 2, 20),
(10, 'R10', 0.29, 3, 1),
(11, 'R11', 0.29, 3, 2),
(12, 'R12', 0.29, 3, 7),
(13, 'R13', 0.25, 3, 23),
(14, 'R14', 0.24, 4, 2),
(15, 'R15', 0.25, 4, 8),
(16, 'R16', 0.25, 4, 9),
(17, 'R17', 0.24, 4, 10),
(18, 'R18', 0.25, 4, 11),
(19, 'R19', 0.17, 4, 16),
(20, 'R20', 0.17, 4, 17),
(21, 'R21', 0.33, 4, 20),
(22, 'R22', 0.42, 5, 2),
(23, 'R23', 0.42, 5, 12),
(24, 'R24', 0.33, 5, 13),
(25, 'R25', 0.31, 6, 2),
(26, 'R26', 0.29, 6, 12),
(27, 'R27', 0.34, 6, 13),
(28, 'R28', 0.34, 6, 14),
(29, 'R29', 0.2, 6, 20),
(30, 'R30', 0.2, 6, 23),
(31, 'R31', 0.33, 6, 24),
(32, 'R32', 0.46, 7, 2),
(33, 'R33', 0.5, 7, 11),
(34, 'R34', 0.33, 7, 14),
(35, 'R35', 0.58, 7, 15),
(36, 'R36', 0.5, 7, 17),
(37, 'R37', 0.24, 8, 8),
(38, 'R38', 0.23, 8, 9),
(39, 'R39', 0.23, 8, 11),
(40, 'R40', 0.24, 8, 12),
(41, 'R41', 0.27, 8, 16),
(42, 'R42', 0.27, 8, 17),
(43, 'R43', 0.26, 8, 18),
(44, 'R44', 0.2, 8, 19),
(45, 'R45', 0.27, 8, 20),
(46, 'R46', 0.33, 9, 2),
(47, 'R47', 0.25, 9, 11),
(48, 'R48', 0.34, 9, 12),
(49, 'R49', 0.34, 9, 18),
(50, 'R50', 0.32, 9, 19),
(51, 'R51', 0.27, 10, 2),
(52, 'R52', 0.31, 10, 20),
(53, 'R53', 0.33, 10, 21),
(54, 'R54', 0.31, 10, 23),
(55, 'R55', 0.37, 11, 2),
(56, 'R56', 0.33, 11, 11),
(57, 'R57', 0.33, 11, 20),
(58, 'R58', 0.39, 11, 22),
(59, 'R59', 0.44, 11, 23),
(60, 'R60', 0.43, 13, 12),
(61, 'R61', 0.33, 13, 18),
(62, 'R62', 0.43, 13, 24);

-- --------------------------------------------------------

--
-- Table structure for table `user`
--

CREATE TABLE `user` (
  `id_user` int(11) NOT NULL,
  `nama` varchar(50) NOT NULL,
  `username` varchar(50) NOT NULL,
  `password` varchar(200) NOT NULL,
  `level` varchar(10) NOT NULL,
  `alamat` varchar(300) NOT NULL,
  `no_telp` varchar(20) NOT NULL,
  `tanggal_registrasi` timestamp NOT NULL DEFAULT current_timestamp() ON UPDATE current_timestamp()
) ENGINE=InnoDB DEFAULT CHARSET=utf8mb4;

--
-- Dumping data for table `user`
--

INSERT INTO `user` (`id_user`, `nama`, `username`, `password`, `level`, `alamat`, `no_telp`, `tanggal_registrasi`) VALUES
(1, 'Ari Sumardi', 'admin', '21232f297a57a5a743894a0e4a801fc3', '1', 'Tangerang', '085863727216', '2021-12-22 06:42:10'),
(2, 'AriSmrd', 'user', 'ee11cbb19052e40b07aac0ca060c23ee', '2', 'Pekanbaru', '087223727211', '2022-02-26 18:43:21');

--
-- Indexes for dumped tables
--

--
-- Indexes for table `data_hasil_training`
--
ALTER TABLE `data_hasil_training`
  ADD PRIMARY KEY (`id`),
  ADD KEY `user_id` (`user_id`);

--
-- Indexes for table `data_training`
--
ALTER TABLE `data_training`
  ADD PRIMARY KEY (`id`),
  ADD KEY `problems_id` (`problems_id`);

--
-- Indexes for table `data_uji`
--
ALTER TABLE `data_uji`
  ADD PRIMARY KEY (`id`),
  ADD KEY `problems_id` (`problems_id`),
  ADD KEY `problems_id_2` (`problems_id`);

--
-- Indexes for table `gejala`
--
ALTER TABLE `gejala`
  ADD PRIMARY KEY (`id`);

--
-- Indexes for table `problems`
--
ALTER TABLE `problems`
  ADD PRIMARY KEY (`id`);

--
-- Indexes for table `riwayat_diagnosis`
--
ALTER TABLE `riwayat_diagnosis`
  ADD PRIMARY KEY (`id`);

--
-- Indexes for table `rules`
--
ALTER TABLE `rules`
  ADD PRIMARY KEY (`id`),
  ADD KEY `problem_id` (`problems_id`),
  ADD KEY `evidences_id` (`gejala_id`);

--
-- Indexes for table `user`
--
ALTER TABLE `user`
  ADD PRIMARY KEY (`id_user`);

--
-- AUTO_INCREMENT for dumped tables
--

--
-- AUTO_INCREMENT for table `data_hasil_training`
--
ALTER TABLE `data_hasil_training`
  MODIFY `id` int(12) NOT NULL AUTO_INCREMENT, AUTO_INCREMENT=405;

--
-- AUTO_INCREMENT for table `data_training`
--
ALTER TABLE `data_training`
  MODIFY `id` int(11) NOT NULL AUTO_INCREMENT, AUTO_INCREMENT=126;

--
-- AUTO_INCREMENT for table `data_uji`
--
ALTER TABLE `data_uji`
  MODIFY `id` int(11) NOT NULL AUTO_INCREMENT, AUTO_INCREMENT=1017;

--
-- AUTO_INCREMENT for table `gejala`
--
ALTER TABLE `gejala`
  MODIFY `id` int(12) NOT NULL AUTO_INCREMENT, AUTO_INCREMENT=25;

--
-- AUTO_INCREMENT for table `problems`
--
ALTER TABLE `problems`
  MODIFY `id` int(12) NOT NULL AUTO_INCREMENT, AUTO_INCREMENT=14;

--
-- AUTO_INCREMENT for table `riwayat_diagnosis`
--
ALTER TABLE `riwayat_diagnosis`
  MODIFY `id` int(12) NOT NULL AUTO_INCREMENT;

--
-- AUTO_INCREMENT for table `rules`
--
ALTER TABLE `rules`
  MODIFY `id` int(12) NOT NULL AUTO_INCREMENT, AUTO_INCREMENT=63;

--
-- AUTO_INCREMENT for table `user`
--
ALTER TABLE `user`
  MODIFY `id_user` int(11) NOT NULL AUTO_INCREMENT, AUTO_INCREMENT=3;

--
-- Constraints for dumped tables
--

--
-- Constraints for table `data_training`
--
ALTER TABLE `data_training`
  ADD CONSTRAINT `data_training_ibfk_1` FOREIGN KEY (`problems_id`) REFERENCES `problems` (`id`);

--
-- Constraints for table `data_uji`
--
ALTER TABLE `data_uji`
  ADD CONSTRAINT `data_uji_ibfk_1` FOREIGN KEY (`problems_id`) REFERENCES `problems` (`id`);

--
-- Constraints for table `rules`
--
ALTER TABLE `rules`
  ADD CONSTRAINT `rules_ibfk_1` FOREIGN KEY (`problems_id`) REFERENCES `problems` (`id`) ON UPDATE CASCADE,
  ADD CONSTRAINT `rules_ibfk_2` FOREIGN KEY (`gejala_id`) REFERENCES `gejala` (`id`) ON UPDATE CASCADE;
COMMIT;

/*!40101 SET CHARACTER_SET_CLIENT=@OLD_CHARACTER_SET_CLIENT */;
/*!40101 SET CHARACTER_SET_RESULTS=@OLD_CHARACTER_SET_RESULTS */;
/*!40101 SET COLLATION_CONNECTION=@OLD_COLLATION_CONNECTION */;
