-- phpMyAdmin SQL Dump
-- version 5.1.1
-- https://www.phpmyadmin.net/
--
-- Host: 127.0.0.1
-- Generation Time: Feb 25, 2022 at 02:24 PM
-- Server version: 10.4.22-MariaDB
-- PHP Version: 7.4.27

SET SQL_MODE = "NO_AUTO_VALUE_ON_ZERO";
START TRANSACTION;
SET time_zone = "+00:00";


/*!40101 SET @OLD_CHARACTER_SET_CLIENT=@@CHARACTER_SET_CLIENT */;
/*!40101 SET @OLD_CHARACTER_SET_RESULTS=@@CHARACTER_SET_RESULTS */;
/*!40101 SET @OLD_COLLATION_CONNECTION=@@COLLATION_CONNECTION */;
/*!40101 SET NAMES utf8mb4 */;

--
-- Database: `db_sistempakar`
--

-- --------------------------------------------------------

--
-- Table structure for table `data_hasil_training`
--

CREATE TABLE `data_hasil_training` (
  `id` int(12) NOT NULL,
  `problems_id` int(12) NOT NULL,
  `gejala_id` int(21) NOT NULL,
  `belief` double NOT NULL,
  `user_id` int(12) DEFAULT NULL
) ENGINE=InnoDB DEFAULT CHARSET=utf8mb4;

--
-- Dumping data for table `data_hasil_training`
--

INSERT INTO `data_hasil_training` (`id`, `problems_id`, `gejala_id`, `belief`, `user_id`) VALUES
(1, 1, 1, 0.33, 1),
(2, 1, 2, 0.33, 1),
(3, 1, 3, 0.33, 1),
(4, 1, 1, 0.33, 1),
(5, 1, 2, 0.33, 1),
(6, 1, 4, 0.33, 1),
(7, 11, 2, 0.5, 1),
(8, 11, 22, 0.5, 1),
(9, 6, 12, 0.33, 1),
(10, 6, 13, 0.33, 1),
(11, 6, 24, 0.33, 1),
(12, 8, 16, 0.5, 1),
(13, 8, 17, 0.5, 1),
(14, 8, 11, 0.2, 1),
(15, 8, 12, 0.2, 1),
(16, 8, 17, 0.2, 1),
(17, 8, 18, 0.2, 1),
(18, 8, 19, 0.2, 1),
(19, 4, 8, 0.33, 1),
(20, 4, 9, 0.33, 1),
(21, 4, 20, 0.33, 1),
(22, 11, 22, 0.5, 1),
(23, 11, 23, 0.5, 1),
(24, 7, 15, 0.5, 1),
(25, 7, 17, 0.5, 1),
(26, 2, 4, 0.33, 1),
(27, 2, 5, 0.33, 1),
(28, 2, 6, 0.33, 1),
(29, 4, 8, 0.25, 1),
(30, 4, 9, 0.25, 1),
(31, 4, 10, 0.25, 1),
(32, 4, 11, 0.25, 1),
(33, 3, 1, 0.25, 1),
(34, 3, 2, 0.25, 1),
(35, 3, 7, 0.25, 1),
(36, 3, 23, 0.25, 1),
(37, 10, 20, 0.33, 1),
(38, 10, 21, 0.33, 1),
(39, 10, 23, 0.33, 1),
(40, 8, 16, 0.33, 1),
(41, 8, 17, 0.33, 1),
(42, 8, 18, 0.33, 1),
(43, 3, 1, 0.33, 1),
(44, 3, 2, 0.33, 1),
(45, 3, 7, 0.33, 1),
(46, 8, 8, 0.2, 1),
(47, 8, 9, 0.2, 1),
(48, 8, 16, 0.2, 1),
(49, 8, 17, 0.2, 1),
(50, 8, 18, 0.2, 1),
(51, 6, 13, 0.5, 1),
(52, 6, 14, 0.5, 1),
(53, 7, 2, 0.33, 1),
(54, 7, 14, 0.33, 1),
(55, 7, 15, 0.33, 1),
(56, 2, 4, 0.25, 1),
(57, 2, 5, 0.25, 1),
(58, 2, 6, 0.25, 1),
(59, 2, 20, 0.25, 1),
(60, 9, 2, 0.33, 1),
(61, 9, 12, 0.33, 1),
(62, 9, 18, 0.33, 1),
(63, 9, 12, 0.33, 1),
(64, 9, 18, 0.33, 1),
(65, 9, 19, 0.33, 1),
(66, 4, 8, 0.33, 1),
(67, 4, 9, 0.33, 1),
(68, 4, 11, 0.33, 1),
(69, 8, 9, 0.25, 1),
(70, 8, 16, 0.25, 1),
(71, 8, 17, 0.25, 1),
(72, 8, 18, 0.25, 1),
(73, 2, 4, 0.33, 1),
(74, 2, 5, 0.33, 1),
(75, 2, 11, 0.33, 1),
(76, 8, 8, 0.25, 1),
(77, 8, 16, 0.25, 1),
(78, 8, 17, 0.25, 1),
(79, 8, 20, 0.25, 1),
(80, 5, 2, 0.33, 1),
(81, 5, 12, 0.33, 1),
(82, 5, 13, 0.33, 1),
(83, 7, 11, 0.5, 1),
(84, 7, 15, 0.5, 1),
(85, 10, 2, 0.25, 1),
(86, 10, 20, 0.25, 1),
(87, 10, 21, 0.25, 1),
(88, 10, 23, 0.25, 1),
(89, 6, 2, 0.25, 1),
(90, 6, 12, 0.25, 1),
(91, 6, 13, 0.25, 1),
(92, 6, 14, 0.25, 1),
(93, 8, 16, 0.33, 1),
(94, 8, 17, 0.33, 1),
(95, 8, 20, 0.33, 1),
(96, 7, 15, 1, 1),
(97, 6, 2, 0.33, 1),
(98, 6, 13, 0.33, 1),
(99, 6, 14, 0.33, 1),
(100, 11, 2, 0.33, 1),
(101, 11, 11, 0.33, 1),
(102, 11, 22, 0.33, 1),
(103, 6, 13, 0.33, 1),
(104, 6, 14, 0.33, 1),
(105, 6, 24, 0.33, 1),
(106, 8, 9, 0.25, 1),
(107, 8, 16, 0.25, 1),
(108, 8, 17, 0.25, 1),
(109, 8, 18, 0.25, 1),
(110, 10, 21, 0.5, 1),
(111, 10, 23, 0.5, 1),
(112, 9, 12, 0.33, 1),
(113, 9, 18, 0.33, 1),
(114, 9, 19, 0.33, 1),
(115, 6, 2, 0.33, 1),
(116, 6, 13, 0.33, 1),
(117, 6, 14, 0.33, 1),
(118, 13, 12, 0.33, 1),
(119, 13, 18, 0.33, 1),
(120, 13, 24, 0.33, 1),
(121, 8, 12, 0.25, 1),
(122, 8, 16, 0.25, 1),
(123, 8, 17, 0.25, 1),
(124, 8, 18, 0.25, 1),
(125, 9, 12, 0.5, 1),
(126, 9, 18, 0.5, 1),
(127, 8, 11, 0.25, 1),
(128, 8, 16, 0.25, 1),
(129, 8, 17, 0.25, 1),
(130, 8, 18, 0.25, 1),
(131, 4, 8, 0.17, 1),
(132, 4, 9, 0.17, 1),
(133, 4, 10, 0.17, 1),
(134, 4, 11, 0.17, 1),
(135, 4, 16, 0.17, 1),
(136, 4, 17, 0.17, 1),
(137, 4, 2, 0.2, 1),
(138, 4, 8, 0.2, 1),
(139, 4, 9, 0.2, 1),
(140, 4, 10, 0.2, 1),
(141, 4, 11, 0.2, 1),
(142, 10, 2, 0.33, 1),
(143, 10, 20, 0.33, 1),
(144, 10, 21, 0.33, 1),
(145, 7, 2, 0.5, 1),
(146, 7, 15, 0.5, 1),
(147, 3, 1, 0.25, 1),
(148, 3, 2, 0.25, 1),
(149, 3, 7, 0.25, 1),
(150, 3, 23, 0.25, 1),
(151, 11, 2, 0.33, 1),
(152, 11, 20, 0.33, 1),
(153, 11, 22, 0.33, 1),
(154, 6, 13, 0.5, 1),
(155, 6, 14, 0.5, 1),
(156, 10, 20, 0.5, 1),
(157, 10, 21, 0.5, 1),
(158, 6, 2, 0.33, 1),
(159, 6, 13, 0.33, 1),
(160, 6, 14, 0.33, 1),
(161, 4, 8, 0.25, 1),
(162, 4, 9, 0.25, 1),
(163, 4, 10, 0.25, 1),
(164, 4, 11, 0.25, 1),
(165, 9, 12, 0.33, 1),
(166, 9, 18, 0.33, 1),
(167, 9, 19, 0.33, 1),
(168, 8, 16, 0.33, 1),
(169, 8, 17, 0.33, 1),
(170, 8, 18, 0.33, 1),
(171, 8, 8, 0.25, 1),
(172, 8, 16, 0.25, 1),
(173, 8, 17, 0.25, 1),
(174, 8, 20, 0.25, 1),
(175, 10, 2, 0.25, 1),
(176, 10, 20, 0.25, 1),
(177, 10, 21, 0.25, 1),
(178, 10, 23, 0.25, 1),
(179, 9, 12, 0.33, 1),
(180, 9, 18, 0.33, 1),
(181, 9, 19, 0.33, 1),
(182, 4, 8, 0.25, 1),
(183, 4, 9, 0.25, 1),
(184, 4, 10, 0.25, 1),
(185, 4, 11, 0.25, 1),
(186, 6, 2, 0.33, 1),
(187, 6, 13, 0.33, 1),
(188, 6, 14, 0.33, 1),
(189, 6, 2, 0.2, 1),
(190, 6, 13, 0.2, 1),
(191, 6, 14, 0.2, 1),
(192, 6, 20, 0.2, 1),
(193, 6, 23, 0.2, 1),
(194, 11, 2, 0.33, 1),
(195, 11, 20, 0.33, 1),
(196, 11, 22, 0.33, 1),
(197, 8, 12, 0.25, 1),
(198, 8, 16, 0.25, 1),
(199, 8, 17, 0.25, 1),
(200, 8, 18, 0.25, 1),
(201, 8, 8, 0.25, 1),
(202, 8, 16, 0.25, 1),
(203, 8, 17, 0.25, 1),
(204, 8, 20, 0.25, 1),
(205, 11, 2, 0.33, 1),
(206, 11, 22, 0.33, 1),
(207, 11, 23, 0.33, 1),
(208, 8, 16, 0.33, 1),
(209, 8, 17, 0.33, 1),
(210, 8, 18, 0.33, 1),
(211, 6, 2, 0.33, 1),
(212, 6, 13, 0.33, 1),
(213, 6, 14, 0.33, 1),
(214, 4, 8, 0.25, 1),
(215, 4, 9, 0.25, 1),
(216, 4, 10, 0.25, 1),
(217, 4, 11, 0.25, 1),
(218, 4, 2, 0.25, 1),
(219, 4, 8, 0.25, 1),
(220, 4, 9, 0.25, 1),
(221, 4, 11, 0.25, 1),
(222, 8, 8, 0.25, 1),
(223, 8, 16, 0.25, 1),
(224, 8, 17, 0.25, 1),
(225, 8, 20, 0.25, 1),
(226, 6, 2, 0.33, 1),
(227, 6, 13, 0.33, 1),
(228, 6, 14, 0.33, 1),
(229, 9, 12, 0.33, 1),
(230, 9, 18, 0.33, 1),
(231, 9, 19, 0.33, 1),
(232, 7, 2, 0.5, 1),
(233, 7, 15, 0.5, 1),
(234, 11, 2, 0.5, 1),
(235, 11, 22, 0.5, 1),
(236, 4, 8, 0.25, 1),
(237, 4, 9, 0.25, 1),
(238, 4, 10, 0.25, 1),
(239, 4, 11, 0.25, 1),
(240, 10, 2, 0.25, 1),
(241, 10, 20, 0.25, 1),
(242, 10, 21, 0.25, 1),
(243, 10, 23, 0.25, 1),
(244, 8, 8, 0.33, 1),
(245, 8, 17, 0.33, 1),
(246, 8, 18, 0.33, 1),
(247, 9, 12, 0.33, 1),
(248, 9, 18, 0.33, 1),
(249, 9, 19, 0.33, 1),
(250, 4, 2, 0.25, 1),
(251, 4, 8, 0.25, 1),
(252, 4, 9, 0.25, 1),
(253, 4, 11, 0.25, 1),
(254, 2, 4, 0.33, 1),
(255, 2, 5, 0.33, 1),
(256, 2, 6, 0.33, 1),
(257, 3, 1, 0.33, 1),
(258, 3, 2, 0.33, 1),
(259, 3, 7, 0.33, 1),
(260, 8, 9, 0.25, 1),
(261, 8, 16, 0.25, 1),
(262, 8, 17, 0.25, 1),
(263, 8, 18, 0.25, 1),
(264, 10, 2, 0.25, 1),
(265, 10, 20, 0.25, 1),
(266, 10, 21, 0.25, 1),
(267, 10, 23, 0.25, 1),
(268, 13, 12, 0.5, 1),
(269, 13, 24, 0.5, 1),
(270, 9, 12, 0.33, 1),
(271, 9, 18, 0.33, 1),
(272, 9, 19, 0.33, 1),
(273, 4, 2, 0.25, 1),
(274, 4, 9, 0.25, 1),
(275, 4, 10, 0.25, 1),
(276, 4, 11, 0.25, 1),
(277, 8, 12, 0.25, 1),
(278, 8, 16, 0.25, 1),
(279, 8, 17, 0.25, 1),
(280, 8, 18, 0.25, 1),
(281, 1, 1, 0.25, 1),
(282, 1, 2, 0.25, 1),
(283, 1, 3, 0.25, 1),
(284, 1, 4, 0.25, 1),
(285, 7, 2, 0.5, 1),
(286, 7, 15, 0.5, 1),
(287, 8, 8, 0.25, 1),
(288, 8, 16, 0.25, 1),
(289, 8, 17, 0.25, 1),
(290, 8, 20, 0.25, 1),
(291, 11, 2, 0.33, 1),
(292, 11, 20, 0.33, 1),
(293, 11, 22, 0.33, 1),
(294, 7, 15, 1, 1),
(295, 9, 12, 0.33, 1),
(296, 9, 18, 0.33, 1),
(297, 9, 19, 0.33, 1),
(298, 11, 2, 0.33, 1),
(299, 11, 11, 0.33, 1),
(300, 11, 22, 0.33, 1),
(301, 10, 20, 0.33, 1),
(302, 10, 21, 0.33, 1),
(303, 10, 23, 0.33, 1),
(304, 9, 12, 0.33, 1),
(305, 9, 18, 0.33, 1),
(306, 9, 19, 0.33, 1),
(307, 5, 2, 0.5, 1),
(308, 5, 12, 0.5, 1),
(309, 4, 2, 0.25, 1),
(310, 4, 8, 0.25, 1),
(311, 4, 10, 0.25, 1),
(312, 4, 11, 0.25, 1),
(313, 2, 4, 0.33, 1),
(314, 2, 5, 0.33, 1),
(315, 2, 6, 0.33, 1),
(316, 8, 11, 0.25, 1),
(317, 8, 16, 0.25, 1),
(318, 8, 17, 0.25, 1),
(319, 8, 18, 0.25, 1),
(320, 9, 11, 0.25, 1),
(321, 9, 12, 0.25, 1),
(322, 9, 18, 0.25, 1),
(323, 9, 19, 0.25, 1),
(324, 13, 12, 0.33, 1),
(325, 13, 18, 0.33, 1),
(326, 13, 24, 0.33, 1),
(327, 7, 11, 0.5, 1),
(328, 7, 15, 0.5, 1),
(329, 9, 2, 0.33, 1),
(330, 9, 12, 0.33, 1),
(331, 9, 18, 0.33, 1),
(332, 11, 2, 0.33, 1),
(333, 11, 20, 0.33, 1),
(334, 11, 22, 0.33, 1),
(335, 8, 8, 0.2, 1),
(336, 8, 9, 0.2, 1),
(337, 8, 16, 0.2, 1),
(338, 8, 17, 0.2, 1),
(339, 8, 18, 0.2, 1),
(340, 1, 1, 0.33, 1),
(341, 1, 2, 0.33, 1),
(342, 1, 4, 0.33, 1),
(343, 6, 2, 0.33, 1),
(344, 6, 13, 0.33, 1),
(345, 6, 14, 0.33, 1),
(346, 2, 4, 0.33, 1),
(347, 2, 5, 0.33, 1),
(348, 2, 11, 0.33, 1),
(349, 6, 2, 0.33, 1),
(350, 6, 13, 0.33, 1),
(351, 6, 14, 0.33, 1),
(352, 2, 4, 0.25, 1),
(353, 2, 5, 0.25, 1),
(354, 2, 6, 0.25, 1),
(355, 2, 20, 0.25, 1),
(356, 1, 1, 0.33, 1),
(357, 1, 2, 0.33, 1),
(358, 1, 4, 0.33, 1),
(359, 8, 12, 0.25, 1),
(360, 8, 16, 0.25, 1),
(361, 8, 17, 0.25, 1),
(362, 8, 18, 0.25, 1),
(363, 8, 9, 0.25, 1),
(364, 8, 16, 0.25, 1),
(365, 8, 17, 0.25, 1),
(366, 8, 18, 0.25, 1),
(367, 11, 22, 0.5, 1),
(368, 11, 23, 0.5, 1),
(369, 8, 8, 0.25, 1),
(370, 8, 16, 0.25, 1),
(371, 8, 17, 0.25, 1),
(372, 8, 20, 0.25, 1),
(373, 8, 16, 0.33, 1),
(374, 8, 17, 0.33, 1),
(375, 8, 20, 0.33, 1),
(376, 7, 11, 0.5, 1),
(377, 7, 15, 0.5, 1),
(378, 9, 2, 0.33, 1),
(379, 9, 12, 0.33, 1),
(380, 9, 18, 0.33, 1),
(381, 8, 9, 0.25, 1),
(382, 8, 16, 0.25, 1),
(383, 8, 17, 0.25, 1),
(384, 8, 18, 0.25, 1),
(385, 2, 4, 0.25, 1),
(386, 2, 5, 0.25, 1),
(387, 2, 6, 0.25, 1),
(388, 2, 20, 0.25, 1),
(389, 9, 2, 0.33, 1),
(390, 9, 12, 0.33, 1),
(391, 9, 18, 0.33, 1),
(392, 8, 8, 0.2, 1),
(393, 8, 9, 0.2, 1),
(394, 8, 16, 0.2, 1),
(395, 8, 17, 0.2, 1),
(396, 8, 18, 0.2, 1),
(397, 13, 12, 0.5, 1),
(398, 13, 24, 0.5, 1),
(399, 13, 12, 0.5, 1),
(400, 13, 24, 0.5, 1),
(401, 8, 12, 0.25, 1),
(402, 8, 16, 0.25, 1),
(403, 8, 17, 0.25, 1),
(404, 8, 18, 0.25, 1),
(405, 6, 2, 0.33, 1),
(406, 6, 13, 0.33, 1),
(407, 6, 14, 0.33, 1),
(408, 9, 12, 0.33, 1),
(409, 9, 18, 0.33, 1),
(410, 9, 19, 0.33, 1),
(411, 9, 12, 0.33, 1),
(412, 9, 18, 0.33, 1),
(413, 9, 19, 0.33, 1),
(414, 2, 4, 0.33, 1),
(415, 2, 5, 0.33, 1),
(416, 2, 11, 0.33, 1),
(417, 2, 4, 0.33, 1),
(418, 2, 5, 0.33, 1),
(419, 2, 11, 0.33, 1),
(420, 7, 11, 0.5, 1),
(421, 7, 15, 0.5, 1),
(422, 2, 4, 0.33, 1),
(423, 2, 5, 0.33, 1),
(424, 2, 11, 0.33, 1),
(425, 9, 2, 0.33, 1),
(426, 9, 12, 0.33, 1),
(427, 9, 18, 0.33, 1),
(428, 8, 8, 0.2, 1),
(429, 8, 9, 0.2, 1),
(430, 8, 16, 0.2, 1),
(431, 8, 17, 0.2, 1),
(432, 8, 18, 0.2, 1),
(433, 2, 4, 0.25, 1),
(434, 2, 5, 0.25, 1),
(435, 2, 6, 0.25, 1),
(436, 2, 20, 0.25, 1),
(437, 5, 2, 0.33, 1),
(438, 5, 12, 0.33, 1),
(439, 5, 13, 0.33, 1),
(440, 11, 2, 0.33, 1),
(441, 11, 20, 0.33, 1),
(442, 11, 22, 0.33, 1),
(443, 13, 12, 0.33, 1),
(444, 13, 18, 0.33, 1),
(445, 13, 24, 0.33, 1),
(446, 9, 2, 0.33, 1),
(447, 9, 12, 0.33, 1),
(448, 9, 18, 0.33, 1),
(449, 8, 12, 0.25, 1),
(450, 8, 16, 0.25, 1),
(451, 8, 17, 0.25, 1),
(452, 8, 18, 0.25, 1),
(453, 1, 1, 0.33, 1),
(454, 1, 2, 0.33, 1),
(455, 1, 4, 0.33, 1),
(456, 9, 12, 0.33, 1),
(457, 9, 18, 0.33, 1),
(458, 9, 19, 0.33, 1),
(459, 11, 2, 0.33, 1),
(460, 11, 20, 0.33, 1),
(461, 11, 22, 0.33, 1),
(462, 11, 22, 0.5, 1),
(463, 11, 23, 0.5, 1),
(464, 9, 2, 0.33, 1),
(465, 9, 12, 0.33, 1),
(466, 9, 18, 0.33, 1),
(467, 11, 2, 0.33, 1),
(468, 11, 20, 0.33, 1),
(469, 11, 22, 0.33, 1),
(470, 13, 12, 0.5, 1),
(471, 13, 24, 0.5, 1),
(472, 2, 4, 0.33, 1),
(473, 2, 5, 0.33, 1),
(474, 2, 6, 0.33, 1),
(475, 8, 9, 0.25, 1),
(476, 8, 16, 0.25, 1),
(477, 8, 17, 0.25, 1),
(478, 8, 18, 0.25, 1),
(479, 7, 11, 0.5, 1),
(480, 7, 15, 0.5, 1),
(481, 2, 4, 0.25, 1),
(482, 2, 5, 0.25, 1),
(483, 2, 6, 0.25, 1),
(484, 2, 20, 0.25, 1),
(485, 7, 11, 0.5, 1),
(486, 7, 15, 0.5, 1),
(487, 2, 4, 0.33, 1),
(488, 2, 5, 0.33, 1),
(489, 2, 11, 0.33, 1),
(490, 8, 8, 0.2, 1),
(491, 8, 9, 0.2, 1),
(492, 8, 16, 0.2, 1),
(493, 8, 17, 0.2, 1),
(494, 8, 18, 0.2, 1),
(495, 8, 8, 0.25, 1),
(496, 8, 16, 0.25, 1),
(497, 8, 17, 0.25, 1),
(498, 8, 20, 0.25, 1),
(499, 8, 16, 0.33, 1),
(500, 8, 17, 0.33, 1),
(501, 8, 20, 0.33, 1),
(502, 5, 2, 0.33, 1),
(503, 5, 12, 0.33, 1),
(504, 5, 13, 0.33, 1),
(505, 1, 1, 0.25, 1),
(506, 1, 2, 0.25, 1),
(507, 1, 3, 0.25, 1),
(508, 1, 4, 0.25, 1),
(509, 7, 11, 0.5, 1),
(510, 7, 15, 0.5, 1),
(511, 11, 22, 0.5, 1),
(512, 11, 23, 0.5, 1),
(513, 10, 2, 0.33, 1),
(514, 10, 20, 0.33, 1),
(515, 10, 21, 0.33, 1),
(516, 8, 9, 0.25, 1),
(517, 8, 16, 0.25, 1),
(518, 8, 17, 0.25, 1),
(519, 8, 18, 0.25, 1),
(520, 9, 2, 0.33, 1),
(521, 9, 12, 0.33, 1),
(522, 9, 18, 0.33, 1),
(523, 8, 12, 0.25, 1),
(524, 8, 16, 0.25, 1),
(525, 8, 17, 0.25, 1),
(526, 8, 18, 0.25, 1),
(527, 8, 12, 0.25, 1),
(528, 8, 16, 0.25, 1),
(529, 8, 17, 0.25, 1),
(530, 8, 18, 0.25, 1),
(531, 5, 2, 0.33, 1),
(532, 5, 12, 0.33, 1),
(533, 5, 13, 0.33, 1),
(534, 7, 11, 0.5, 1),
(535, 7, 15, 0.5, 1),
(536, 1, 1, 0.33, 1),
(537, 1, 2, 0.33, 1),
(538, 1, 4, 0.33, 1),
(539, 9, 12, 0.33, 1),
(540, 9, 18, 0.33, 1),
(541, 9, 19, 0.33, 1),
(542, 9, 12, 0.33, 1),
(543, 9, 18, 0.33, 1),
(544, 9, 19, 0.33, 1),
(545, 8, 12, 0.25, 1),
(546, 8, 16, 0.25, 1),
(547, 8, 17, 0.25, 1),
(548, 8, 18, 0.25, 1),
(549, 9, 12, 0.33, 1),
(550, 9, 18, 0.33, 1),
(551, 9, 19, 0.33, 1),
(552, 13, 12, 0.33, 1),
(553, 13, 18, 0.33, 1),
(554, 13, 24, 0.33, 1),
(555, 13, 12, 0.5, 1),
(556, 13, 24, 0.5, 1),
(557, 7, 11, 0.5, 1),
(558, 7, 15, 0.5, 1),
(559, 2, 4, 0.33, 1),
(560, 2, 5, 0.33, 1),
(561, 2, 11, 0.33, 1),
(562, 10, 2, 0.33, 1),
(563, 10, 20, 0.33, 1),
(564, 10, 21, 0.33, 1),
(565, 13, 12, 0.5, 1),
(566, 13, 24, 0.5, 1),
(567, 3, 1, 0.25, 1),
(568, 3, 2, 0.25, 1),
(569, 3, 7, 0.25, 1),
(570, 3, 23, 0.25, 1),
(571, 3, 1, 0.33, 1),
(572, 3, 2, 0.33, 1),
(573, 3, 7, 0.33, 1),
(574, 10, 2, 0.33, 1),
(575, 10, 20, 0.33, 1),
(576, 10, 21, 0.33, 1),
(577, 2, 4, 0.33, 1),
(578, 2, 5, 0.33, 1),
(579, 2, 11, 0.33, 1),
(580, 10, 2, 0.33, 1),
(581, 10, 20, 0.33, 1),
(582, 10, 21, 0.33, 1),
(583, 3, 1, 0.25, 1),
(584, 3, 2, 0.25, 1),
(585, 3, 7, 0.25, 1),
(586, 3, 23, 0.25, 1),
(587, 3, 1, 0.33, 1),
(588, 3, 2, 0.33, 1),
(589, 3, 7, 0.33, 1),
(590, 13, 12, 0.33, 1),
(591, 13, 18, 0.33, 1),
(592, 13, 24, 0.33, 1),
(593, 9, 2, 0.33, 1),
(594, 9, 12, 0.33, 1),
(595, 9, 18, 0.33, 1),
(596, 7, 11, 0.5, 1),
(597, 7, 15, 0.5, 1),
(598, 10, 2, 0.33, 1),
(599, 10, 20, 0.33, 1),
(600, 10, 21, 0.33, 1),
(601, 2, 4, 0.33, 1),
(602, 2, 5, 0.33, 1),
(603, 2, 11, 0.33, 1),
(604, 9, 12, 0.33, 1),
(605, 9, 18, 0.33, 1),
(606, 9, 19, 0.33, 1),
(607, 9, 12, 0.33, 1),
(608, 9, 18, 0.33, 1),
(609, 9, 19, 0.33, 1),
(610, 5, 2, 0.33, 1),
(611, 5, 12, 0.33, 1),
(612, 5, 13, 0.33, 1),
(613, 2, 4, 0.33, 1),
(614, 2, 5, 0.33, 1),
(615, 2, 11, 0.33, 1),
(616, 10, 2, 0.33, 1),
(617, 10, 20, 0.33, 1),
(618, 10, 21, 0.33, 1),
(619, 1, 1, 0.33, 1),
(620, 1, 2, 0.33, 1),
(621, 1, 3, 0.33, 1),
(622, 1, 1, 0.33, 1),
(623, 1, 2, 0.33, 1),
(624, 1, 4, 0.33, 1),
(625, 1, 1, 0.33, 1),
(626, 1, 2, 0.33, 1),
(627, 1, 4, 0.33, 1),
(628, 7, 11, 0.5, 1),
(629, 7, 15, 0.5, 1),
(630, 1, 1, 0.25, 1),
(631, 1, 2, 0.25, 1),
(632, 1, 3, 0.25, 1),
(633, 1, 4, 0.25, 1),
(634, 1, 1, 0.25, 1),
(635, 1, 2, 0.25, 1),
(636, 1, 3, 0.25, 1),
(637, 1, 4, 0.25, 1),
(638, 10, 2, 0.33, 1),
(639, 10, 20, 0.33, 1),
(640, 10, 21, 0.33, 1),
(641, 8, 9, 0.25, 1),
(642, 8, 16, 0.25, 1),
(643, 8, 17, 0.25, 1),
(644, 8, 18, 0.25, 1),
(645, 8, 8, 0.25, 1),
(646, 8, 16, 0.25, 1),
(647, 8, 17, 0.25, 1),
(648, 8, 20, 0.25, 1),
(649, 8, 16, 0.33, 1),
(650, 8, 17, 0.33, 1),
(651, 8, 20, 0.33, 1),
(652, 7, 11, 0.5, 1),
(653, 7, 15, 0.5, 1),
(654, 13, 12, 0.5, 1),
(655, 13, 24, 0.5, 1),
(656, 8, 9, 0.25, 1),
(657, 8, 16, 0.25, 1),
(658, 8, 17, 0.25, 1),
(659, 8, 18, 0.25, 1),
(660, 8, 12, 0.25, 1),
(661, 8, 16, 0.25, 1),
(662, 8, 17, 0.25, 1),
(663, 8, 18, 0.25, 1),
(664, 13, 12, 0.33, 1),
(665, 13, 18, 0.33, 1),
(666, 13, 24, 0.33, 1),
(667, 13, 12, 0.5, 1),
(668, 13, 24, 0.5, 1),
(669, 13, 12, 0.33, 1),
(670, 13, 18, 0.33, 1),
(671, 13, 24, 0.33, 1),
(672, 5, 2, 0.33, 1),
(673, 5, 12, 0.33, 1),
(674, 5, 13, 0.33, 1),
(675, 5, 2, 0.5, 1),
(676, 5, 12, 0.5, 1),
(677, 11, 22, 0.5, 1),
(678, 11, 23, 0.5, 1),
(679, 10, 2, 0.33, 1),
(680, 10, 20, 0.33, 1),
(681, 10, 21, 0.33, 1),
(682, 5, 2, 0.33, 1),
(683, 5, 12, 0.33, 1),
(684, 5, 13, 0.33, 1),
(685, 7, 11, 0.5, 1),
(686, 7, 15, 0.5, 1),
(687, 10, 2, 0.33, 1),
(688, 10, 20, 0.33, 1),
(689, 10, 21, 0.33, 1),
(690, 11, 22, 0.5, 1),
(691, 11, 23, 0.5, 1),
(692, 9, 12, 0.33, 1),
(693, 9, 18, 0.33, 1),
(694, 9, 19, 0.33, 1),
(695, 9, 12, 0.33, 1),
(696, 9, 18, 0.33, 1),
(697, 9, 19, 0.33, 1),
(698, 7, 11, 0.5, 1),
(699, 7, 15, 0.5, 1),
(700, 5, 2, 0.33, 1),
(701, 5, 12, 0.33, 1),
(702, 5, 13, 0.33, 1),
(703, 3, 1, 0.25, 1),
(704, 3, 2, 0.25, 1),
(705, 3, 7, 0.25, 1),
(706, 3, 23, 0.25, 1),
(707, 3, 1, 0.33, 1),
(708, 3, 2, 0.33, 1),
(709, 3, 7, 0.33, 1),
(710, 3, 1, 0.25, 1),
(711, 3, 2, 0.25, 1),
(712, 3, 7, 0.25, 1),
(713, 3, 23, 0.25, 1),
(714, 1, 1, 0.33, 1),
(715, 1, 2, 0.33, 1),
(716, 1, 4, 0.33, 1),
(717, 10, 2, 0.33, 1),
(718, 10, 20, 0.33, 1),
(719, 10, 21, 0.33, 1),
(720, 7, 11, 0.5, 1),
(721, 7, 15, 0.5, 1),
(722, 13, 12, 0.33, 1),
(723, 13, 18, 0.33, 1),
(724, 13, 24, 0.33, 1),
(725, 6, 2, 0.33, 1),
(726, 6, 13, 0.33, 1),
(727, 6, 14, 0.33, 1),
(728, 3, 1, 0.33, 1),
(729, 3, 2, 0.33, 1),
(730, 3, 7, 0.33, 1),
(731, 1, 1, 0.33, 1),
(732, 1, 2, 0.33, 1),
(733, 1, 3, 0.33, 1),
(734, 9, 2, 0.33, 1),
(735, 9, 12, 0.33, 1),
(736, 9, 18, 0.33, 1),
(737, 6, 2, 0.33, 1),
(738, 6, 13, 0.33, 1),
(739, 6, 14, 0.33, 1),
(740, 13, 12, 0.5, 1),
(741, 13, 24, 0.5, 1),
(742, 6, 2, 0.33, 1),
(743, 6, 13, 0.33, 1),
(744, 6, 14, 0.33, 1),
(745, 9, 12, 0.33, 1),
(746, 9, 18, 0.33, 1),
(747, 9, 19, 0.33, 1),
(748, 9, 12, 0.33, 1),
(749, 9, 18, 0.33, 1),
(750, 9, 19, 0.33, 1),
(751, 7, 11, 0.5, 1),
(752, 7, 15, 0.5, 1),
(753, 1, 1, 0.33, 1),
(754, 1, 2, 0.33, 1),
(755, 1, 4, 0.33, 1),
(756, 10, 2, 0.33, 1),
(757, 10, 20, 0.33, 1),
(758, 10, 21, 0.33, 1),
(759, 1, 1, 0.25, 1),
(760, 1, 2, 0.25, 1),
(761, 1, 3, 0.25, 1),
(762, 1, 4, 0.25, 1),
(763, 8, 9, 0.25, 1),
(764, 8, 16, 0.25, 1),
(765, 8, 17, 0.25, 1),
(766, 8, 18, 0.25, 1),
(767, 11, 22, 0.5, 1),
(768, 11, 23, 0.5, 1),
(769, 5, 2, 0.33, 1),
(770, 5, 12, 0.33, 1),
(771, 5, 13, 0.33, 1),
(772, 7, 11, 0.5, 1),
(773, 7, 15, 0.5, 1),
(774, 13, 12, 0.33, 1),
(775, 13, 18, 0.33, 1),
(776, 13, 24, 0.33, 1),
(777, 2, 4, 0.33, 1),
(778, 2, 5, 0.33, 1),
(779, 2, 11, 0.33, 1),
(780, 10, 2, 0.33, 1),
(781, 10, 20, 0.33, 1),
(782, 10, 21, 0.33, 1),
(783, 8, 8, 0.25, 1),
(784, 8, 16, 0.25, 1),
(785, 8, 17, 0.25, 1),
(786, 8, 20, 0.25, 1),
(787, 8, 16, 0.33, 1),
(788, 8, 17, 0.33, 1),
(789, 8, 20, 0.33, 1),
(790, 1, 1, 0.25, 1),
(791, 1, 2, 0.25, 1),
(792, 1, 3, 0.25, 1),
(793, 1, 4, 0.25, 1),
(794, 6, 2, 0.33, 1),
(795, 6, 13, 0.33, 1),
(796, 6, 14, 0.33, 1),
(797, 2, 4, 0.33, 1),
(798, 2, 5, 0.33, 1),
(799, 2, 11, 0.33, 1),
(800, 9, 12, 0.33, 1),
(801, 9, 18, 0.33, 1),
(802, 9, 19, 0.33, 1),
(803, 9, 12, 0.33, 1),
(804, 9, 18, 0.33, 1),
(805, 9, 19, 0.33, 1),
(806, 7, 11, 0.5, 1),
(807, 7, 15, 0.5, 1),
(808, 11, 22, 0.5, 1),
(809, 11, 23, 0.5, 1),
(810, 1, 1, 0.33, 1),
(811, 1, 2, 0.33, 1),
(812, 1, 4, 0.33, 1),
(813, 9, 2, 0.33, 1),
(814, 9, 12, 0.33, 1),
(815, 9, 18, 0.33, 1),
(816, 10, 2, 0.33, 1),
(817, 10, 20, 0.33, 1),
(818, 10, 21, 0.33, 1),
(819, 8, 9, 0.25, 1),
(820, 8, 16, 0.25, 1),
(821, 8, 17, 0.25, 1),
(822, 8, 18, 0.25, 1),
(823, 7, 11, 0.5, 1),
(824, 7, 15, 0.5, 1),
(825, 10, 2, 0.33, 1),
(826, 10, 20, 0.33, 1),
(827, 10, 21, 0.33, 1),
(828, 13, 12, 0.33, 1),
(829, 13, 18, 0.33, 1),
(830, 13, 24, 0.33, 1),
(831, 8, 12, 0.25, 1),
(832, 8, 16, 0.25, 1),
(833, 8, 17, 0.25, 1),
(834, 8, 18, 0.25, 1),
(835, 11, 2, 0.5, 1),
(836, 11, 22, 0.5, 1),
(837, 11, 22, 0.5, 1),
(838, 11, 23, 0.5, 1),
(839, 11, 2, 0.33, 1),
(840, 11, 11, 0.33, 1),
(841, 11, 22, 0.33, 1),
(842, 9, 12, 0.33, 1),
(843, 9, 18, 0.33, 1),
(844, 9, 19, 0.33, 1),
(845, 9, 12, 0.33, 1),
(846, 9, 18, 0.33, 1),
(847, 9, 19, 0.33, 1),
(848, 13, 12, 0.33, 1),
(849, 13, 18, 0.33, 1),
(850, 13, 24, 0.33, 1),
(851, 9, 12, 0.33, 1),
(852, 9, 18, 0.33, 1),
(853, 9, 19, 0.33, 1),
(854, 9, 12, 0.33, 1),
(855, 9, 18, 0.33, 1),
(856, 9, 19, 0.33, 1),
(857, 5, 2, 0.33, 1),
(858, 5, 12, 0.33, 1),
(859, 5, 13, 0.33, 1),
(860, 9, 2, 0.33, 1),
(861, 9, 12, 0.33, 1),
(862, 9, 18, 0.33, 1),
(863, 6, 2, 0.33, 1),
(864, 6, 13, 0.33, 1),
(865, 6, 14, 0.33, 1),
(866, 7, 11, 0.5, 1),
(867, 7, 15, 0.5, 1),
(868, 10, 2, 0.33, 1),
(869, 10, 20, 0.33, 1),
(870, 10, 21, 0.33, 1),
(871, 10, 2, 0.33, 1),
(872, 10, 20, 0.33, 1),
(873, 10, 21, 0.33, 1),
(874, 13, 12, 0.5, 1),
(875, 13, 24, 0.5, 1),
(876, 8, 16, 0.33, 1),
(877, 8, 17, 0.33, 1),
(878, 8, 18, 0.33, 1),
(879, 13, 12, 0.33, 1),
(880, 13, 18, 0.33, 1),
(881, 13, 24, 0.33, 1),
(882, 8, 8, 0.25, 1),
(883, 8, 16, 0.25, 1),
(884, 8, 17, 0.25, 1),
(885, 8, 20, 0.25, 1),
(886, 8, 12, 0.25, 1),
(887, 8, 16, 0.25, 1),
(888, 8, 17, 0.25, 1),
(889, 8, 18, 0.25, 1),
(890, 3, 1, 0.25, 1),
(891, 3, 2, 0.25, 1),
(892, 3, 7, 0.25, 1),
(893, 3, 23, 0.25, 1),
(894, 13, 12, 0.5, 1),
(895, 13, 24, 0.5, 1),
(896, 3, 1, 0.33, 1),
(897, 3, 2, 0.33, 1),
(898, 3, 7, 0.33, 1),
(899, 3, 1, 0.25, 1),
(900, 3, 2, 0.25, 1),
(901, 3, 7, 0.25, 1),
(902, 3, 23, 0.25, 1),
(903, 1, 1, 0.33, 1),
(904, 1, 2, 0.33, 1),
(905, 1, 4, 0.33, 1),
(906, 9, 12, 0.33, 1),
(907, 9, 18, 0.33, 1),
(908, 9, 19, 0.33, 1),
(909, 9, 12, 0.33, 1),
(910, 9, 18, 0.33, 1),
(911, 9, 19, 0.33, 1),
(912, 11, 22, 0.5, 1),
(913, 11, 23, 0.5, 1),
(914, 9, 2, 0.33, 1),
(915, 9, 12, 0.33, 1),
(916, 9, 18, 0.33, 1),
(917, 11, 22, 0.5, 1),
(918, 11, 23, 0.5, 1),
(919, 7, 11, 0.5, 1),
(920, 7, 15, 0.5, 1),
(921, 1, 1, 0.25, 1),
(922, 1, 2, 0.25, 1),
(923, 1, 3, 0.25, 1),
(924, 1, 4, 0.25, 1),
(925, 6, 2, 0.33, 1),
(926, 6, 13, 0.33, 1),
(927, 6, 14, 0.33, 1),
(928, 10, 2, 0.33, 1),
(929, 10, 20, 0.33, 1),
(930, 10, 21, 0.33, 1),
(931, 10, 2, 0.33, 1),
(932, 10, 20, 0.33, 1),
(933, 10, 21, 0.33, 1),
(934, 13, 12, 0.33, 1),
(935, 13, 18, 0.33, 1),
(936, 13, 24, 0.33, 1),
(937, 5, 2, 0.33, 1),
(938, 5, 12, 0.33, 1),
(939, 5, 13, 0.33, 1),
(940, 3, 1, 0.33, 1),
(941, 3, 2, 0.33, 1),
(942, 3, 7, 0.33, 1),
(943, 1, 1, 0.33, 1),
(944, 1, 2, 0.33, 1),
(945, 1, 3, 0.33, 1),
(946, 1, 1, 0.33, 1),
(947, 1, 2, 0.33, 1),
(948, 1, 4, 0.33, 1),
(949, 1, 1, 0.25, 1),
(950, 1, 2, 0.25, 1),
(951, 1, 3, 0.25, 1),
(952, 1, 4, 0.25, 1),
(953, 7, 11, 0.5, 1),
(954, 7, 15, 0.5, 1),
(955, 8, 9, 0.25, 1),
(956, 8, 16, 0.25, 1),
(957, 8, 17, 0.25, 1),
(958, 8, 18, 0.25, 1),
(959, 8, 8, 0.25, 1),
(960, 8, 16, 0.25, 1),
(961, 8, 17, 0.25, 1),
(962, 8, 20, 0.25, 1),
(963, 9, 2, 0.33, 1),
(964, 9, 12, 0.33, 1),
(965, 9, 18, 0.33, 1),
(966, 13, 12, 0.5, 1),
(967, 13, 24, 0.5, 1),
(968, 6, 2, 0.33, 1),
(969, 6, 13, 0.33, 1),
(970, 6, 14, 0.33, 1),
(971, 11, 2, 0.33, 1),
(972, 11, 20, 0.33, 1),
(973, 11, 22, 0.33, 1),
(974, 6, 2, 0.33, 1),
(975, 6, 13, 0.33, 1),
(976, 6, 14, 0.33, 1),
(977, 10, 2, 0.33, 1),
(978, 10, 20, 0.33, 1),
(979, 10, 21, 0.33, 1),
(980, 9, 12, 0.33, 1),
(981, 9, 18, 0.33, 1),
(982, 9, 19, 0.33, 1),
(983, 9, 12, 0.33, 1),
(984, 9, 18, 0.33, 1),
(985, 9, 19, 0.33, 1),
(986, 1, 1, 0.33, 1),
(987, 1, 2, 0.33, 1),
(988, 1, 3, 0.33, 1),
(989, 13, 12, 0.33, 1),
(990, 13, 18, 0.33, 1),
(991, 13, 24, 0.33, 1),
(992, 8, 16, 0.33, 1),
(993, 8, 17, 0.33, 1),
(994, 8, 20, 0.33, 1),
(995, 9, 2, 0.33, 1),
(996, 9, 12, 0.33, 1),
(997, 9, 18, 0.33, 1),
(998, 8, 9, 0.25, 1),
(999, 8, 16, 0.25, 1),
(1000, 8, 17, 0.25, 1),
(1001, 8, 18, 0.25, 1),
(1002, 8, 12, 0.25, 1),
(1003, 8, 16, 0.25, 1),
(1004, 8, 17, 0.25, 1),
(1005, 8, 18, 0.25, 1),
(1006, 11, 2, 0.33, 1),
(1007, 11, 20, 0.33, 1),
(1008, 11, 22, 0.33, 1),
(1009, 7, 11, 0.5, 1),
(1010, 7, 15, 0.5, 1),
(1011, 6, 2, 0.33, 1),
(1012, 6, 13, 0.33, 1),
(1013, 6, 14, 0.33, 1),
(1014, 1, 1, 0.25, 1),
(1015, 1, 2, 0.25, 1),
(1016, 1, 3, 0.25, 1),
(1017, 1, 4, 0.25, 1),
(1018, 8, 16, 0.33, 1),
(1019, 8, 17, 0.33, 1),
(1020, 8, 18, 0.33, 1),
(1021, 11, 2, 0.33, 1),
(1022, 11, 20, 0.33, 1),
(1023, 11, 22, 0.33, 1),
(1024, 8, 8, 0.25, 1),
(1025, 8, 16, 0.25, 1),
(1026, 8, 17, 0.25, 1),
(1027, 8, 20, 0.25, 1),
(1028, 6, 2, 0.33, 1),
(1029, 6, 13, 0.33, 1),
(1030, 6, 14, 0.33, 1),
(1031, 13, 12, 0.33, 1),
(1032, 13, 18, 0.33, 1),
(1033, 13, 24, 0.33, 1),
(1034, 11, 22, 0.5, 1),
(1035, 11, 23, 0.5, 1),
(1036, 8, 12, 0.25, 1),
(1037, 8, 16, 0.25, 1),
(1038, 8, 17, 0.25, 1),
(1039, 8, 18, 0.25, 1),
(1040, 5, 2, 0.33, 1),
(1041, 5, 12, 0.33, 1),
(1042, 5, 13, 0.33, 1),
(1043, 9, 2, 0.33, 1),
(1044, 9, 12, 0.33, 1),
(1045, 9, 18, 0.33, 1),
(1046, 7, 11, 0.5, 1),
(1047, 7, 15, 0.5, 1),
(1048, 3, 1, 0.25, 1),
(1049, 3, 2, 0.25, 1),
(1050, 3, 7, 0.25, 1),
(1051, 3, 23, 0.25, 1),
(1052, 2, 4, 0.33, 1),
(1053, 2, 5, 0.33, 1),
(1054, 2, 11, 0.33, 1),
(1055, 3, 1, 0.33, 1),
(1056, 3, 2, 0.33, 1),
(1057, 3, 7, 0.33, 1),
(1058, 13, 12, 0.5, 1),
(1059, 13, 24, 0.5, 1),
(1060, 3, 1, 0.25, 1),
(1061, 3, 2, 0.25, 1),
(1062, 3, 7, 0.25, 1),
(1063, 3, 23, 0.25, 1),
(1064, 3, 1, 0.33, 1),
(1065, 3, 2, 0.33, 1),
(1066, 3, 7, 0.33, 1),
(1067, 2, 4, 0.33, 1),
(1068, 2, 5, 0.33, 1),
(1069, 2, 11, 0.33, 1),
(1070, 7, 11, 0.5, 1),
(1071, 7, 15, 0.5, 1),
(1072, 1, 1, 0.33, 1),
(1073, 1, 2, 0.33, 1),
(1074, 1, 3, 0.33, 1),
(1075, 13, 12, 0.33, 1),
(1076, 13, 18, 0.33, 1),
(1077, 13, 24, 0.33, 1),
(1078, 1, 1, 0.33, 1),
(1079, 1, 2, 0.33, 1),
(1080, 1, 3, 0.33, 1),
(1081, 1, 1, 0.33, 1),
(1082, 1, 2, 0.33, 1),
(1083, 1, 4, 0.33, 1),
(1084, 1, 1, 0.25, 1),
(1085, 1, 2, 0.25, 1),
(1086, 1, 3, 0.25, 1),
(1087, 1, 4, 0.25, 1),
(1088, 9, 2, 0.33, 1),
(1089, 9, 12, 0.33, 1),
(1090, 9, 18, 0.33, 1),
(1091, 11, 2, 0.33, 1),
(1092, 11, 20, 0.33, 1),
(1093, 11, 22, 0.33, 1),
(1094, 11, 22, 0.5, 1),
(1095, 11, 23, 0.5, 1),
(1096, 13, 12, 0.5, 1),
(1097, 13, 24, 0.5, 1),
(1098, 1, 1, 0.33, 1),
(1099, 1, 2, 0.33, 1),
(1100, 1, 3, 0.33, 1),
(1101, 6, 2, 0.33, 1),
(1102, 6, 13, 0.33, 1),
(1103, 6, 14, 0.33, 1),
(1104, 1, 1, 0.33, 1),
(1105, 1, 2, 0.33, 1),
(1106, 1, 4, 0.33, 1),
(1107, 1, 1, 0.25, 1),
(1108, 1, 2, 0.25, 1),
(1109, 1, 3, 0.25, 1),
(1110, 1, 4, 0.25, 1),
(1111, 13, 12, 0.33, 1),
(1112, 13, 18, 0.33, 1),
(1113, 13, 24, 0.33, 1),
(1114, 10, 20, 0.33, 1),
(1115, 10, 21, 0.33, 1),
(1116, 10, 23, 0.33, 1),
(1117, 10, 2, 0.25, 1),
(1118, 10, 20, 0.25, 1),
(1119, 10, 21, 0.25, 1),
(1120, 10, 23, 0.25, 1),
(1121, 10, 21, 0.5, 1),
(1122, 10, 23, 0.5, 1),
(1123, 7, 11, 0.5, 1),
(1124, 7, 15, 0.5, 1),
(1125, 10, 2, 0.33, 1),
(1126, 10, 20, 0.33, 1),
(1127, 10, 21, 0.33, 1),
(1128, 10, 20, 0.5, 1),
(1129, 10, 21, 0.5, 1),
(1130, 10, 2, 0.25, 1),
(1131, 10, 20, 0.25, 1),
(1132, 10, 21, 0.25, 1),
(1133, 10, 23, 0.25, 1),
(1134, 11, 22, 0.5, 1),
(1135, 11, 23, 0.5, 1),
(1136, 5, 2, 0.33, 1),
(1137, 5, 12, 0.33, 1),
(1138, 5, 13, 0.33, 1),
(1139, 13, 12, 0.33, 1),
(1140, 13, 18, 0.33, 1),
(1141, 13, 24, 0.33, 1),
(1142, 10, 2, 0.25, 1),
(1143, 10, 20, 0.25, 1),
(1144, 10, 21, 0.25, 1),
(1145, 10, 23, 0.25, 1),
(1146, 10, 2, 0.25, 1),
(1147, 10, 20, 0.25, 1),
(1148, 10, 21, 0.25, 1),
(1149, 10, 23, 0.25, 1),
(1150, 10, 2, 0.33, 1),
(1151, 10, 20, 0.33, 1),
(1152, 10, 21, 0.33, 1),
(1153, 11, 2, 0.33, 1),
(1154, 11, 20, 0.33, 1),
(1155, 11, 22, 0.33, 1),
(1156, 11, 22, 0.5, 1),
(1157, 11, 23, 0.5, 1),
(1158, 1, 1, 0.33, 1),
(1159, 1, 2, 0.33, 1),
(1160, 1, 3, 0.33, 1),
(1161, 10, 20, 0.33, 1),
(1162, 10, 21, 0.33, 1),
(1163, 10, 23, 0.33, 1),
(1164, 3, 1, 0.33, 1),
(1165, 3, 2, 0.33, 1),
(1166, 3, 7, 0.33, 1),
(1167, 9, 2, 0.33, 1),
(1168, 9, 12, 0.33, 1),
(1169, 9, 18, 0.33, 1),
(1170, 3, 1, 0.25, 1),
(1171, 3, 2, 0.25, 1),
(1172, 3, 7, 0.25, 1),
(1173, 3, 23, 0.25, 1),
(1174, 6, 2, 0.33, 1),
(1175, 6, 13, 0.33, 1),
(1176, 6, 14, 0.33, 1),
(1177, 7, 11, 0.5, 1),
(1178, 7, 15, 0.5, 1),
(1179, 8, 8, 0.2, 1),
(1180, 8, 9, 0.2, 1),
(1181, 8, 16, 0.2, 1),
(1182, 8, 17, 0.2, 1),
(1183, 8, 18, 0.2, 1),
(1184, 6, 2, 0.33, 1),
(1185, 6, 13, 0.33, 1),
(1186, 6, 14, 0.33, 1),
(1187, 13, 12, 0.5, 1),
(1188, 13, 24, 0.5, 1),
(1189, 3, 1, 0.33, 1),
(1190, 3, 2, 0.33, 1),
(1191, 3, 7, 0.33, 1),
(1192, 10, 2, 0.33, 1),
(1193, 10, 20, 0.33, 1),
(1194, 10, 21, 0.33, 1),
(1195, 11, 2, 0.33, 1),
(1196, 11, 20, 0.33, 1),
(1197, 11, 22, 0.33, 1),
(1198, 10, 2, 0.33, 1),
(1199, 10, 20, 0.33, 1),
(1200, 10, 21, 0.33, 1),
(1201, 11, 2, 0.33, 1),
(1202, 11, 20, 0.33, 1),
(1203, 11, 22, 0.33, 1),
(1204, 9, 12, 0.5, 1),
(1205, 9, 18, 0.5, 1),
(1206, 1, 1, 0.33, 1),
(1207, 1, 2, 0.33, 1),
(1208, 1, 3, 0.33, 1),
(1209, 8, 12, 0.25, 1),
(1210, 8, 16, 0.25, 1),
(1211, 8, 17, 0.25, 1),
(1212, 8, 18, 0.25, 1),
(1213, 1, 1, 0.33, 1),
(1214, 1, 2, 0.33, 1),
(1215, 1, 4, 0.33, 1),
(1216, 9, 12, 0.5, 1),
(1217, 9, 18, 0.5, 1),
(1218, 4, 8, 0.25, 1),
(1219, 4, 9, 0.25, 1),
(1220, 4, 10, 0.25, 1),
(1221, 4, 11, 0.25, 1),
(1222, 13, 12, 0.33, 1),
(1223, 13, 18, 0.33, 1),
(1224, 13, 24, 0.33, 1),
(1225, 9, 2, 0.33, 1),
(1226, 9, 12, 0.33, 1),
(1227, 9, 18, 0.33, 1),
(1228, 8, 12, 0.25, 1),
(1229, 8, 16, 0.25, 1),
(1230, 8, 17, 0.25, 1),
(1231, 8, 18, 0.25, 1),
(1232, 7, 11, 0.5, 1),
(1233, 7, 15, 0.5, 1),
(1234, 11, 22, 0.5, 1),
(1235, 11, 23, 0.5, 1),
(1236, 5, 2, 0.33, 1),
(1237, 5, 12, 0.33, 1),
(1238, 5, 13, 0.33, 1),
(1239, 11, 22, 0.5, 1),
(1240, 11, 23, 0.5, 1),
(1241, 10, 2, 0.33, 1),
(1242, 10, 20, 0.33, 1),
(1243, 10, 21, 0.33, 1),
(1244, 11, 2, 0.33, 1),
(1245, 11, 20, 0.33, 1),
(1246, 11, 22, 0.33, 1),
(1247, 1, 1, 0.33, 1),
(1248, 1, 2, 0.33, 1),
(1249, 1, 3, 0.33, 1),
(1250, 9, 12, 0.5, 1),
(1251, 9, 18, 0.5, 1),
(1252, 8, 12, 0.25, 1),
(1253, 8, 16, 0.25, 1),
(1254, 8, 17, 0.25, 1),
(1255, 8, 18, 0.25, 1),
(1256, 1, 1, 0.25, 1),
(1257, 1, 2, 0.25, 1),
(1258, 1, 3, 0.25, 1),
(1259, 1, 4, 0.25, 1),
(1260, 9, 2, 0.33, 1),
(1261, 9, 12, 0.33, 1),
(1262, 9, 18, 0.33, 1),
(1263, 6, 2, 0.33, 1),
(1264, 6, 13, 0.33, 1),
(1265, 6, 14, 0.33, 1),
(1266, 9, 12, 0.33, 1),
(1267, 9, 18, 0.33, 1),
(1268, 9, 19, 0.33, 1),
(1269, 4, 8, 0.25, 1),
(1270, 4, 9, 0.25, 1),
(1271, 4, 10, 0.25, 1),
(1272, 4, 11, 0.25, 1),
(1273, 6, 2, 0.33, 1),
(1274, 6, 13, 0.33, 1),
(1275, 6, 14, 0.33, 1),
(1276, 9, 12, 0.33, 1),
(1277, 9, 18, 0.33, 1),
(1278, 9, 19, 0.33, 1),
(1279, 9, 2, 0.33, 1),
(1280, 9, 12, 0.33, 1),
(1281, 9, 18, 0.33, 1),
(1282, 8, 12, 0.25, 1),
(1283, 8, 16, 0.25, 1),
(1284, 8, 17, 0.25, 1),
(1285, 8, 18, 0.25, 1),
(1286, 9, 12, 0.5, 1),
(1287, 9, 18, 0.5, 1),
(1288, 9, 12, 0.33, 1),
(1289, 9, 18, 0.33, 1),
(1290, 9, 19, 0.33, 1),
(1291, 7, 11, 0.5, 1),
(1292, 7, 15, 0.5, 1),
(1293, 11, 2, 0.33, 1),
(1294, 11, 20, 0.33, 1),
(1295, 11, 22, 0.33, 1),
(1296, 9, 12, 0.5, 1),
(1297, 9, 18, 0.5, 1),
(1298, 6, 2, 0.33, 1),
(1299, 6, 13, 0.33, 1),
(1300, 6, 14, 0.33, 1),
(1301, 4, 8, 0.25, 1),
(1302, 4, 9, 0.25, 1),
(1303, 4, 10, 0.25, 1),
(1304, 4, 11, 0.25, 1),
(1305, 13, 12, 0.5, 1),
(1306, 13, 24, 0.5, 1),
(1307, 8, 12, 0.25, 1),
(1308, 8, 16, 0.25, 1),
(1309, 8, 17, 0.25, 1),
(1310, 8, 18, 0.25, 1),
(1311, 8, 12, 0.25, 1),
(1312, 8, 16, 0.25, 1),
(1313, 8, 17, 0.25, 1),
(1314, 8, 18, 0.25, 1),
(1315, 9, 12, 0.5, 1),
(1316, 9, 18, 0.5, 1),
(1317, 10, 2, 0.33, 1),
(1318, 10, 20, 0.33, 1),
(1319, 10, 21, 0.33, 1),
(1320, 11, 22, 0.5, 1),
(1321, 11, 23, 0.5, 1),
(1322, 11, 22, 0.5, 1),
(1323, 11, 23, 0.5, 1),
(1324, 9, 12, 0.33, 1),
(1325, 9, 18, 0.33, 1),
(1326, 9, 19, 0.33, 1),
(1327, 1, 1, 0.25, 1),
(1328, 1, 2, 0.25, 1),
(1329, 1, 3, 0.25, 1),
(1330, 1, 4, 0.25, 1),
(1331, 9, 2, 0.33, 1),
(1332, 9, 12, 0.33, 1),
(1333, 9, 18, 0.33, 1),
(1334, 13, 12, 0.33, 1),
(1335, 13, 18, 0.33, 1),
(1336, 13, 24, 0.33, 1),
(1337, 4, 8, 0.25, 1),
(1338, 4, 9, 0.25, 1),
(1339, 4, 10, 0.25, 1),
(1340, 4, 11, 0.25, 1),
(1341, 6, 2, 0.33, 1),
(1342, 6, 13, 0.33, 1),
(1343, 6, 14, 0.33, 1),
(1344, 9, 12, 0.33, 1),
(1345, 9, 18, 0.33, 1),
(1346, 9, 19, 0.33, 1),
(1347, 1, 1, 0.33, 1),
(1348, 1, 2, 0.33, 1),
(1349, 1, 3, 0.33, 1),
(1350, 8, 8, 0.2, 1),
(1351, 8, 9, 0.2, 1),
(1352, 8, 16, 0.2, 1),
(1353, 8, 17, 0.2, 1),
(1354, 8, 18, 0.2, 1),
(1355, 8, 8, 0.2, 1),
(1356, 8, 9, 0.2, 1),
(1357, 8, 16, 0.2, 1),
(1358, 8, 17, 0.2, 1),
(1359, 8, 18, 0.2, 1),
(1360, 11, 2, 0.33, 1),
(1361, 11, 20, 0.33, 1),
(1362, 11, 22, 0.33, 1),
(1363, 9, 12, 0.5, 1),
(1364, 9, 18, 0.5, 1),
(1365, 8, 12, 0.25, 1),
(1366, 8, 16, 0.25, 1),
(1367, 8, 17, 0.25, 1),
(1368, 8, 18, 0.25, 1),
(1369, 10, 2, 0.33, 1),
(1370, 10, 20, 0.33, 1),
(1371, 10, 21, 0.33, 1),
(1372, 9, 12, 0.33, 1),
(1373, 9, 18, 0.33, 1),
(1374, 9, 19, 0.33, 1),
(1375, 11, 22, 0.5, 1),
(1376, 11, 23, 0.5, 1),
(1377, 9, 12, 0.33, 1),
(1378, 9, 18, 0.33, 1),
(1379, 9, 19, 0.33, 1),
(1380, 9, 12, 0.33, 1),
(1381, 9, 18, 0.33, 1),
(1382, 9, 19, 0.33, 1),
(1383, 5, 2, 0.33, 1),
(1384, 5, 12, 0.33, 1),
(1385, 5, 13, 0.33, 1),
(1386, 13, 12, 0.33, 1),
(1387, 13, 18, 0.33, 1),
(1388, 13, 24, 0.33, 1),
(1389, 11, 2, 0.33, 1),
(1390, 11, 20, 0.33, 1),
(1391, 11, 22, 0.33, 1),
(1392, 9, 12, 0.5, 1),
(1393, 9, 18, 0.5, 1),
(1394, 6, 2, 0.33, 1),
(1395, 6, 13, 0.33, 1),
(1396, 6, 14, 0.33, 1),
(1397, 4, 8, 0.25, 1),
(1398, 4, 9, 0.25, 1),
(1399, 4, 10, 0.25, 1),
(1400, 4, 11, 0.25, 1),
(1401, 2, 4, 0.33, 1),
(1402, 2, 5, 0.33, 1),
(1403, 2, 11, 0.33, 1),
(1404, 8, 12, 0.25, 1),
(1405, 8, 16, 0.25, 1),
(1406, 8, 17, 0.25, 1),
(1407, 8, 18, 0.25, 1),
(1408, 11, 2, 0.33, 1),
(1409, 11, 20, 0.33, 1),
(1410, 11, 22, 0.33, 1),
(1411, 8, 8, 0.2, 1),
(1412, 8, 9, 0.2, 1),
(1413, 8, 16, 0.2, 1),
(1414, 8, 17, 0.2, 1),
(1415, 8, 18, 0.2, 1),
(1416, 1, 1, 0.25, 1),
(1417, 1, 2, 0.25, 1),
(1418, 1, 3, 0.25, 1),
(1419, 1, 4, 0.25, 1),
(1420, 8, 12, 0.25, 1),
(1421, 8, 16, 0.25, 1),
(1422, 8, 17, 0.25, 1),
(1423, 8, 18, 0.25, 1),
(1424, 10, 2, 0.33, 1),
(1425, 10, 20, 0.33, 1),
(1426, 10, 21, 0.33, 1),
(1427, 13, 12, 0.33, 1),
(1428, 13, 18, 0.33, 1),
(1429, 13, 24, 0.33, 1),
(1430, 11, 22, 0.5, 1),
(1431, 11, 23, 0.5, 1),
(1432, 9, 12, 0.5, 1),
(1433, 9, 18, 0.5, 1),
(1434, 11, 2, 0.33, 1),
(1435, 11, 20, 0.33, 1),
(1436, 11, 22, 0.33, 1),
(1437, 9, 2, 0.33, 1),
(1438, 9, 12, 0.33, 1),
(1439, 9, 18, 0.33, 1),
(1440, 11, 2, 0.33, 1),
(1441, 11, 11, 0.33, 1),
(1442, 11, 22, 0.33, 1),
(1443, 4, 8, 0.25, 1),
(1444, 4, 9, 0.25, 1),
(1445, 4, 10, 0.25, 1),
(1446, 4, 11, 0.25, 1),
(1447, 2, 4, 0.33, 1),
(1448, 2, 5, 0.33, 1),
(1449, 2, 11, 0.33, 1),
(1450, 7, 15, 1, 1),
(1451, 1, 1, 0.33, 1),
(1452, 1, 2, 0.33, 1),
(1453, 1, 3, 0.33, 1),
(1454, 11, 2, 0.33, 1),
(1455, 11, 20, 0.33, 1),
(1456, 11, 22, 0.33, 1),
(1457, 9, 12, 0.33, 1),
(1458, 9, 18, 0.33, 1),
(1459, 9, 19, 0.33, 1),
(1460, 8, 12, 0.25, 1),
(1461, 8, 16, 0.25, 1),
(1462, 8, 17, 0.25, 1),
(1463, 8, 18, 0.25, 1),
(1464, 9, 11, 0.25, 1),
(1465, 9, 12, 0.25, 1),
(1466, 9, 18, 0.25, 1),
(1467, 9, 19, 0.25, 1),
(1468, 3, 1, 0.33, 1),
(1469, 3, 2, 0.33, 1),
(1470, 3, 7, 0.33, 1),
(1471, 13, 12, 0.33, 1),
(1472, 13, 18, 0.33, 1),
(1473, 13, 24, 0.33, 1),
(1474, 10, 2, 0.33, 1),
(1475, 10, 20, 0.33, 1),
(1476, 10, 21, 0.33, 1),
(1477, 7, 15, 1, 1),
(1478, 4, 8, 0.25, 1),
(1479, 4, 9, 0.25, 1),
(1480, 4, 10, 0.25, 1),
(1481, 4, 11, 0.25, 1),
(1482, 11, 2, 0.33, 1),
(1483, 11, 20, 0.33, 1),
(1484, 11, 22, 0.33, 1),
(1485, 9, 12, 0.5, 1),
(1486, 9, 18, 0.5, 1),
(1487, 11, 22, 0.5, 1),
(1488, 11, 23, 0.5, 1),
(1489, 9, 2, 0.33, 1),
(1490, 9, 12, 0.33, 1),
(1491, 9, 18, 0.33, 1),
(1492, 13, 12, 0.5, 1),
(1493, 13, 24, 0.5, 1),
(1494, 8, 9, 0.25, 1),
(1495, 8, 16, 0.25, 1),
(1496, 8, 17, 0.25, 1),
(1497, 8, 18, 0.25, 1),
(1498, 6, 2, 0.33, 1),
(1499, 6, 13, 0.33, 1),
(1500, 6, 14, 0.33, 1),
(1501, 6, 2, 0.33, 1),
(1502, 6, 13, 0.33, 1),
(1503, 6, 14, 0.33, 1),
(1504, 7, 15, 1, 1),
(1505, 11, 2, 0.33, 1),
(1506, 11, 11, 0.33, 1),
(1507, 11, 22, 0.33, 1),
(1508, 1, 1, 0.25, 1),
(1509, 1, 2, 0.25, 1),
(1510, 1, 3, 0.25, 1),
(1511, 1, 4, 0.25, 1),
(1512, 8, 12, 0.25, 1),
(1513, 8, 16, 0.25, 1),
(1514, 8, 17, 0.25, 1),
(1515, 8, 18, 0.25, 1),
(1516, 3, 1, 0.25, 1),
(1517, 3, 2, 0.25, 1),
(1518, 3, 7, 0.25, 1),
(1519, 3, 23, 0.25, 1),
(1520, 13, 12, 0.33, 1),
(1521, 13, 18, 0.33, 1),
(1522, 13, 24, 0.33, 1),
(1523, 5, 2, 0.33, 1),
(1524, 5, 12, 0.33, 1),
(1525, 5, 13, 0.33, 1),
(1526, 10, 2, 0.33, 1),
(1527, 10, 20, 0.33, 1),
(1528, 10, 21, 0.33, 1),
(1529, 9, 12, 0.5, 1),
(1530, 9, 18, 0.5, 1),
(1531, 3, 1, 0.33, 1),
(1532, 3, 2, 0.33, 1),
(1533, 3, 7, 0.33, 1),
(1534, 11, 2, 0.33, 1),
(1535, 11, 20, 0.33, 1),
(1536, 11, 22, 0.33, 1),
(1537, 9, 2, 0.33, 1),
(1538, 9, 12, 0.33, 1),
(1539, 9, 18, 0.33, 1),
(1540, 1, 1, 0.33, 1),
(1541, 1, 2, 0.33, 1),
(1542, 1, 3, 0.33, 1),
(1543, 1, 1, 0.33, 1),
(1544, 1, 2, 0.33, 1),
(1545, 1, 3, 0.33, 1),
(1546, 11, 2, 0.33, 1),
(1547, 11, 11, 0.33, 1),
(1548, 11, 22, 0.33, 1),
(1549, 8, 9, 0.25, 1),
(1550, 8, 16, 0.25, 1),
(1551, 8, 17, 0.25, 1),
(1552, 8, 18, 0.25, 1),
(1553, 1, 1, 0.33, 1),
(1554, 1, 2, 0.33, 1),
(1555, 1, 4, 0.33, 1),
(1556, 7, 15, 1, 1),
(1557, 1, 1, 0.25, 1),
(1558, 1, 2, 0.25, 1),
(1559, 1, 3, 0.25, 1),
(1560, 1, 4, 0.25, 1),
(1561, 11, 2, 0.33, 1),
(1562, 11, 20, 0.33, 1),
(1563, 11, 22, 0.33, 1),
(1564, 13, 12, 0.33, 1),
(1565, 13, 18, 0.33, 1),
(1566, 13, 24, 0.33, 1),
(1567, 4, 8, 0.25, 1),
(1568, 4, 9, 0.25, 1),
(1569, 4, 10, 0.25, 1),
(1570, 4, 11, 0.25, 1),
(1571, 5, 2, 0.33, 1),
(1572, 5, 12, 0.33, 1),
(1573, 5, 13, 0.33, 1),
(1574, 10, 2, 0.33, 1),
(1575, 10, 20, 0.33, 1),
(1576, 10, 21, 0.33, 1),
(1577, 9, 12, 0.5, 1),
(1578, 9, 18, 0.5, 1),
(1579, 5, 2, 0.5, 1),
(1580, 5, 12, 0.5, 1),
(1581, 10, 20, 0.33, 1),
(1582, 10, 21, 0.33, 1),
(1583, 10, 23, 0.33, 1),
(1584, 10, 2, 0.25, 1),
(1585, 10, 20, 0.25, 1),
(1586, 10, 21, 0.25, 1),
(1587, 10, 23, 0.25, 1),
(1588, 9, 2, 0.33, 1),
(1589, 9, 12, 0.33, 1),
(1590, 9, 18, 0.33, 1),
(1591, 13, 12, 0.5, 1),
(1592, 13, 24, 0.5, 1),
(1593, 11, 2, 0.33, 1),
(1594, 11, 11, 0.33, 1),
(1595, 11, 22, 0.33, 1),
(1596, 8, 9, 0.25, 1),
(1597, 8, 16, 0.25, 1),
(1598, 8, 17, 0.25, 1),
(1599, 8, 18, 0.25, 1),
(1600, 11, 2, 0.33, 1),
(1601, 11, 20, 0.33, 1),
(1602, 11, 22, 0.33, 1),
(1603, 1, 1, 0.25, 1),
(1604, 1, 2, 0.25, 1),
(1605, 1, 3, 0.25, 1),
(1606, 1, 4, 0.25, 1),
(1607, 4, 8, 0.25, 1),
(1608, 4, 9, 0.25, 1),
(1609, 4, 10, 0.25, 1),
(1610, 4, 11, 0.25, 1),
(1611, 13, 12, 0.33, 1),
(1612, 13, 18, 0.33, 1),
(1613, 13, 24, 0.33, 1),
(1614, 11, 2, 0.33, 1),
(1615, 11, 11, 0.33, 1),
(1616, 11, 22, 0.33, 1),
(1617, 11, 2, 0.33, 1),
(1618, 11, 20, 0.33, 1),
(1619, 11, 22, 0.33, 1),
(1620, 5, 2, 0.33, 1),
(1621, 5, 12, 0.33, 1),
(1622, 5, 13, 0.33, 1),
(1623, 8, 9, 0.25, 1),
(1624, 8, 16, 0.25, 1),
(1625, 8, 17, 0.25, 1),
(1626, 8, 18, 0.25, 1),
(1627, 7, 15, 1, 1),
(1628, 4, 8, 0.25, 1),
(1629, 4, 9, 0.25, 1),
(1630, 4, 10, 0.25, 1),
(1631, 4, 11, 0.25, 1),
(1632, 9, 12, 0.5, 1),
(1633, 9, 18, 0.5, 1),
(1634, 4, 8, 0.33, 1),
(1635, 4, 9, 0.33, 1),
(1636, 4, 20, 0.33, 1),
(1637, 7, 15, 1, 1),
(1638, 1, 1, 0.25, 1),
(1639, 1, 2, 0.25, 1),
(1640, 1, 3, 0.25, 1),
(1641, 1, 4, 0.25, 1),
(1642, 8, 9, 0.25, 1),
(1643, 8, 16, 0.25, 1),
(1644, 8, 17, 0.25, 1),
(1645, 8, 18, 0.25, 1),
(1646, 11, 2, 0.33, 1),
(1647, 11, 11, 0.33, 1),
(1648, 11, 22, 0.33, 1),
(1649, 13, 12, 0.5, 1),
(1650, 13, 24, 0.5, 1),
(1651, 4, 8, 0.25, 1),
(1652, 4, 9, 0.25, 1),
(1653, 4, 10, 0.25, 1),
(1654, 4, 11, 0.25, 1),
(1655, 13, 12, 0.33, 1),
(1656, 13, 18, 0.33, 1),
(1657, 13, 24, 0.33, 1),
(1658, 10, 21, 0.5, 1),
(1659, 10, 23, 0.5, 1),
(1660, 11, 2, 0.33, 1),
(1661, 11, 20, 0.33, 1),
(1662, 11, 22, 0.33, 1),
(1663, 11, 2, 0.33, 1),
(1664, 11, 20, 0.33, 1),
(1665, 11, 22, 0.33, 1),
(1666, 1, 1, 0.33, 1),
(1667, 1, 2, 0.33, 1),
(1668, 1, 3, 0.33, 1),
(1669, 7, 15, 1, 1),
(1670, 2, 4, 0.33, 1),
(1671, 2, 5, 0.33, 1),
(1672, 2, 6, 0.33, 1),
(1673, 4, 8, 0.33, 1),
(1674, 4, 9, 0.33, 1),
(1675, 4, 20, 0.33, 1),
(1676, 13, 12, 0.5, 1),
(1677, 13, 24, 0.5, 1),
(1678, 10, 2, 0.33, 1),
(1679, 10, 20, 0.33, 1),
(1680, 10, 21, 0.33, 1),
(1681, 2, 4, 0.33, 1),
(1682, 2, 5, 0.33, 1),
(1683, 2, 6, 0.33, 1),
(1684, 9, 2, 0.33, 1),
(1685, 9, 12, 0.33, 1),
(1686, 9, 18, 0.33, 1),
(1687, 10, 20, 0.5, 1),
(1688, 10, 21, 0.5, 1),
(1689, 13, 12, 0.33, 1),
(1690, 13, 18, 0.33, 1),
(1691, 13, 24, 0.33, 1),
(1692, 4, 8, 0.25, 1),
(1693, 4, 9, 0.25, 1),
(1694, 4, 10, 0.25, 1),
(1695, 4, 11, 0.25, 1),
(1696, 9, 12, 0.5, 1),
(1697, 9, 18, 0.5, 1),
(1698, 11, 2, 0.33, 1),
(1699, 11, 11, 0.33, 1),
(1700, 11, 22, 0.33, 1),
(1701, 11, 2, 0.33, 1),
(1702, 11, 11, 0.33, 1),
(1703, 11, 22, 0.33, 1),
(1704, 13, 12, 0.5, 1),
(1705, 13, 24, 0.5, 1),
(1706, 4, 8, 0.25, 1),
(1707, 4, 9, 0.25, 1),
(1708, 4, 10, 0.25, 1),
(1709, 4, 11, 0.25, 1),
(1710, 7, 15, 1, 1),
(1711, 2, 4, 0.33, 1),
(1712, 2, 5, 0.33, 1),
(1713, 2, 6, 0.33, 1),
(1714, 1, 1, 0.25, 1),
(1715, 1, 2, 0.25, 1),
(1716, 1, 3, 0.25, 1),
(1717, 1, 4, 0.25, 1),
(1718, 4, 8, 0.33, 1),
(1719, 4, 9, 0.33, 1),
(1720, 4, 20, 0.33, 1),
(1721, 4, 8, 0.25, 1),
(1722, 4, 9, 0.25, 1),
(1723, 4, 10, 0.25, 1),
(1724, 4, 11, 0.25, 1),
(1725, 4, 8, 0.33, 1),
(1726, 4, 9, 0.33, 1),
(1727, 4, 20, 0.33, 1),
(1728, 10, 2, 0.25, 1),
(1729, 10, 20, 0.25, 1),
(1730, 10, 21, 0.25, 1),
(1731, 10, 23, 0.25, 1),
(1732, 11, 2, 0.33, 1),
(1733, 11, 11, 0.33, 1),
(1734, 11, 22, 0.33, 1),
(1735, 10, 2, 0.25, 1),
(1736, 10, 20, 0.25, 1),
(1737, 10, 21, 0.25, 1),
(1738, 10, 23, 0.25, 1),
(1739, 10, 2, 0.25, 1),
(1740, 10, 20, 0.25, 1),
(1741, 10, 21, 0.25, 1),
(1742, 10, 23, 0.25, 1),
(1743, 10, 20, 0.33, 1),
(1744, 10, 21, 0.33, 1),
(1745, 10, 23, 0.33, 1),
(1746, 9, 12, 0.5, 1),
(1747, 9, 18, 0.5, 1),
(1748, 11, 2, 0.33, 1),
(1749, 11, 11, 0.33, 1),
(1750, 11, 22, 0.33, 1),
(1751, 11, 2, 0.33, 1),
(1752, 11, 20, 0.33, 1),
(1753, 11, 22, 0.33, 1),
(1754, 1, 1, 0.33, 1),
(1755, 1, 2, 0.33, 1),
(1756, 1, 3, 0.33, 1),
(1757, 4, 8, 0.33, 1),
(1758, 4, 9, 0.33, 1),
(1759, 4, 20, 0.33, 1),
(1760, 13, 12, 0.5, 1),
(1761, 13, 24, 0.5, 1),
(1762, 7, 15, 1, 1),
(1763, 4, 8, 0.33, 1),
(1764, 4, 9, 0.33, 1),
(1765, 4, 20, 0.33, 1),
(1766, 3, 1, 0.25, 1),
(1767, 3, 2, 0.25, 1),
(1768, 3, 7, 0.25, 1),
(1769, 3, 23, 0.25, 1),
(1770, 13, 12, 0.33, 1),
(1771, 13, 18, 0.33, 1),
(1772, 13, 24, 0.33, 1),
(1773, 3, 1, 0.33, 1),
(1774, 3, 2, 0.33, 1),
(1775, 3, 7, 0.33, 1),
(1776, 3, 1, 0.25, 1),
(1777, 3, 2, 0.25, 1),
(1778, 3, 7, 0.25, 1),
(1779, 3, 23, 0.25, 1),
(1780, 3, 1, 0.33, 1),
(1781, 3, 2, 0.33, 1),
(1782, 3, 7, 0.33, 1),
(1783, 13, 12, 0.5, 1),
(1784, 13, 24, 0.5, 1),
(1785, 9, 2, 0.33, 1),
(1786, 9, 12, 0.33, 1),
(1787, 9, 18, 0.33, 1),
(1788, 1, 1, 0.25, 1),
(1789, 1, 2, 0.25, 1),
(1790, 1, 3, 0.25, 1),
(1791, 1, 4, 0.25, 1),
(1792, 4, 8, 0.25, 1),
(1793, 4, 9, 0.25, 1),
(1794, 4, 10, 0.25, 1),
(1795, 4, 11, 0.25, 1),
(1796, 4, 8, 0.25, 1),
(1797, 4, 9, 0.25, 1),
(1798, 4, 10, 0.25, 1),
(1799, 4, 11, 0.25, 1),
(1800, 9, 12, 0.5, 1),
(1801, 9, 18, 0.5, 1),
(1802, 8, 8, 0.25, 1),
(1803, 8, 16, 0.25, 1),
(1804, 8, 17, 0.25, 1),
(1805, 8, 20, 0.25, 1),
(1806, 13, 12, 0.5, 1),
(1807, 13, 24, 0.5, 1),
(1808, 8, 8, 0.33, 1),
(1809, 8, 17, 0.33, 1),
(1810, 8, 18, 0.33, 1),
(1811, 8, 9, 0.25, 1),
(1812, 8, 16, 0.25, 1),
(1813, 8, 17, 0.25, 1),
(1814, 8, 18, 0.25, 1),
(1815, 7, 15, 1, 1),
(1816, 13, 12, 0.33, 1),
(1817, 13, 18, 0.33, 1),
(1818, 13, 24, 0.33, 1),
(1819, 6, 13, 0.5, 1),
(1820, 6, 14, 0.5, 1),
(1821, 4, 8, 0.33, 1),
(1822, 4, 9, 0.33, 1),
(1823, 4, 20, 0.33, 1),
(1824, 1, 1, 0.25, 1),
(1825, 1, 2, 0.25, 1),
(1826, 1, 3, 0.25, 1),
(1827, 1, 4, 0.25, 1),
(1828, 5, 2, 0.33, 1),
(1829, 5, 12, 0.33, 1),
(1830, 5, 13, 0.33, 1),
(1831, 4, 8, 0.25, 1),
(1832, 4, 9, 0.25, 1),
(1833, 4, 10, 0.25, 1),
(1834, 4, 11, 0.25, 1),
(1835, 2, 4, 0.33, 1),
(1836, 2, 5, 0.33, 1),
(1837, 2, 11, 0.33, 1),
(1838, 2, 4, 0.33, 1),
(1839, 2, 5, 0.33, 1),
(1840, 2, 6, 0.33, 1),
(1841, 11, 2, 0.33, 1),
(1842, 11, 20, 0.33, 1),
(1843, 11, 22, 0.33, 1),
(1844, 5, 2, 0.5, 1),
(1845, 5, 12, 0.5, 1),
(1846, 13, 12, 0.5, 1),
(1847, 13, 24, 0.5, 1),
(1848, 8, 12, 0.25, 1),
(1849, 8, 16, 0.25, 1),
(1850, 8, 17, 0.25, 1),
(1851, 8, 18, 0.25, 1),
(1852, 2, 4, 0.33, 1),
(1853, 2, 5, 0.33, 1),
(1854, 2, 6, 0.33, 1),
(1855, 2, 4, 0.25, 1),
(1856, 2, 5, 0.25, 1),
(1857, 2, 6, 0.25, 1),
(1858, 2, 20, 0.25, 1),
(1859, 5, 2, 0.33, 1),
(1860, 5, 12, 0.33, 1),
(1861, 5, 13, 0.33, 1),
(1862, 6, 13, 0.5, 1),
(1863, 6, 14, 0.5, 1),
(1864, 7, 15, 1, 1),
(1865, 4, 8, 0.33, 1),
(1866, 4, 9, 0.33, 1),
(1867, 4, 20, 0.33, 1),
(1868, 13, 12, 0.33, 1),
(1869, 13, 18, 0.33, 1),
(1870, 13, 24, 0.33, 1),
(1871, 4, 8, 0.33, 1),
(1872, 4, 9, 0.33, 1),
(1873, 4, 20, 0.33, 1),
(1874, 9, 2, 0.33, 1),
(1875, 9, 12, 0.33, 1),
(1876, 9, 18, 0.33, 1),
(1877, 4, 8, 0.25, 1),
(1878, 4, 9, 0.25, 1),
(1879, 4, 10, 0.25, 1),
(1880, 4, 11, 0.25, 1),
(1881, 9, 12, 0.5, 1),
(1882, 9, 18, 0.5, 1),
(1883, 2, 4, 0.33, 1),
(1884, 2, 5, 0.33, 1),
(1885, 2, 6, 0.33, 1),
(1886, 1, 1, 0.33, 1),
(1887, 1, 2, 0.33, 1),
(1888, 1, 3, 0.33, 1),
(1889, 13, 12, 0.5, 1),
(1890, 13, 24, 0.5, 1),
(1891, 6, 2, 0.33, 1),
(1892, 6, 13, 0.33, 1),
(1893, 6, 14, 0.33, 1),
(1894, 6, 13, 0.5, 1),
(1895, 6, 14, 0.5, 1),
(1896, 2, 4, 0.25, 1),
(1897, 2, 5, 0.25, 1),
(1898, 2, 6, 0.25, 1),
(1899, 2, 20, 0.25, 1),
(1900, 6, 2, 0.33, 1),
(1901, 6, 13, 0.33, 1),
(1902, 6, 14, 0.33, 1),
(1903, 9, 12, 0.5, 1),
(1904, 9, 18, 0.5, 1),
(1905, 13, 12, 0.5, 1),
(1906, 13, 24, 0.5, 1),
(1907, 4, 8, 0.33, 1),
(1908, 4, 9, 0.33, 1),
(1909, 4, 20, 0.33, 1),
(1910, 8, 12, 0.25, 1),
(1911, 8, 16, 0.25, 1),
(1912, 8, 17, 0.25, 1),
(1913, 8, 18, 0.25, 1),
(1914, 4, 8, 0.33, 1),
(1915, 4, 9, 0.33, 1),
(1916, 4, 20, 0.33, 1),
(1917, 11, 2, 0.33, 1),
(1918, 11, 20, 0.33, 1),
(1919, 11, 22, 0.33, 1),
(1920, 13, 12, 0.33, 1),
(1921, 13, 18, 0.33, 1),
(1922, 13, 24, 0.33, 1),
(1923, 4, 8, 0.25, 1),
(1924, 4, 9, 0.25, 1),
(1925, 4, 10, 0.25, 1),
(1926, 4, 11, 0.25, 1),
(1927, 9, 2, 0.33, 1),
(1928, 9, 12, 0.33, 1),
(1929, 9, 18, 0.33, 1),
(1930, 2, 4, 0.33, 1),
(1931, 2, 5, 0.33, 1),
(1932, 2, 6, 0.33, 1),
(1933, 2, 4, 0.25, 1),
(1934, 2, 5, 0.25, 1),
(1935, 2, 6, 0.25, 1),
(1936, 2, 20, 0.25, 1),
(1937, 6, 2, 0.33, 1),
(1938, 6, 13, 0.33, 1),
(1939, 6, 14, 0.33, 1),
(1940, 6, 13, 0.5, 1),
(1941, 6, 14, 0.5, 1),
(1942, 9, 12, 0.5, 1),
(1943, 9, 18, 0.5, 1),
(1944, 6, 2, 0.33, 1),
(1945, 6, 13, 0.33, 1),
(1946, 6, 14, 0.33, 1),
(1947, 13, 12, 0.5, 1),
(1948, 13, 24, 0.5, 1),
(1949, 8, 9, 0.25, 1),
(1950, 8, 16, 0.25, 1),
(1951, 8, 17, 0.25, 1),
(1952, 8, 18, 0.25, 1),
(1953, 8, 12, 0.25, 1),
(1954, 8, 16, 0.25, 1),
(1955, 8, 17, 0.25, 1),
(1956, 8, 18, 0.25, 1),
(1957, 8, 8, 0.25, 1),
(1958, 8, 16, 0.25, 1),
(1959, 8, 17, 0.25, 1),
(1960, 8, 20, 0.25, 1),
(1961, 8, 11, 0.25, 1),
(1962, 8, 16, 0.25, 1),
(1963, 8, 17, 0.25, 1),
(1964, 8, 18, 0.25, 1),
(1965, 5, 2, 0.33, 1),
(1966, 5, 12, 0.33, 1),
(1967, 5, 13, 0.33, 1),
(1968, 13, 12, 0.33, 1),
(1969, 13, 18, 0.33, 1),
(1970, 13, 24, 0.33, 1),
(1971, 4, 8, 0.25, 1),
(1972, 4, 9, 0.25, 1),
(1973, 4, 10, 0.25, 1),
(1974, 4, 11, 0.25, 1),
(1975, 4, 8, 0.33, 1),
(1976, 4, 9, 0.33, 1),
(1977, 4, 20, 0.33, 1),
(1978, 11, 2, 0.33, 1),
(1979, 11, 20, 0.33, 1),
(1980, 11, 22, 0.33, 1),
(1981, 2, 4, 0.25, 1),
(1982, 2, 5, 0.25, 1),
(1983, 2, 6, 0.25, 1),
(1984, 2, 20, 0.25, 1),
(1985, 4, 8, 0.33, 1),
(1986, 4, 9, 0.33, 1),
(1987, 4, 20, 0.33, 1),
(1988, 1, 1, 0.33, 1),
(1989, 1, 2, 0.33, 1),
(1990, 1, 3, 0.33, 1),
(1991, 6, 13, 0.5, 1),
(1992, 6, 14, 0.5, 1),
(1993, 3, 1, 0.33, 1),
(1994, 3, 2, 0.33, 1),
(1995, 3, 7, 0.33, 1),
(1996, 2, 4, 0.33, 1),
(1997, 2, 5, 0.33, 1),
(1998, 2, 11, 0.33, 1),
(1999, 2, 4, 0.33, 1),
(2000, 2, 5, 0.33, 1),
(2001, 2, 6, 0.33, 1),
(2002, 2, 4, 0.33, 1),
(2003, 2, 5, 0.33, 1),
(2004, 2, 6, 0.33, 1),
(2005, 13, 12, 0.5, 1),
(2006, 13, 24, 0.5, 1),
(2007, 9, 2, 0.33, 1),
(2008, 9, 12, 0.33, 1),
(2009, 9, 18, 0.33, 1),
(2010, 8, 12, 0.25, 1),
(2011, 8, 16, 0.25, 1),
(2012, 8, 17, 0.25, 1),
(2013, 8, 18, 0.25, 1),
(2014, 9, 12, 0.33, 1),
(2015, 9, 18, 0.33, 1),
(2016, 9, 19, 0.33, 1),
(2017, 4, 8, 0.25, 1),
(2018, 4, 9, 0.25, 1),
(2019, 4, 10, 0.25, 1),
(2020, 4, 11, 0.25, 1),
(2021, 9, 12, 0.5, 1),
(2022, 9, 18, 0.5, 1),
(2023, 13, 12, 0.33, 1),
(2024, 13, 18, 0.33, 1),
(2025, 13, 24, 0.33, 1),
(2026, 9, 11, 0.25, 1),
(2027, 9, 12, 0.25, 1),
(2028, 9, 18, 0.25, 1),
(2029, 9, 19, 0.25, 1),
(2030, 9, 2, 0.33, 1),
(2031, 9, 12, 0.33, 1),
(2032, 9, 18, 0.33, 1),
(2033, 4, 8, 0.33, 1),
(2034, 4, 9, 0.33, 1),
(2035, 4, 20, 0.33, 1),
(2036, 2, 4, 0.25, 1),
(2037, 2, 5, 0.25, 1),
(2038, 2, 6, 0.25, 1),
(2039, 2, 20, 0.25, 1),
(2040, 9, 12, 0.5, 1),
(2041, 9, 18, 0.5, 1),
(2042, 6, 13, 0.5, 1),
(2043, 6, 14, 0.5, 1),
(2044, 8, 12, 0.25, 1),
(2045, 8, 16, 0.25, 1),
(2046, 8, 17, 0.25, 1),
(2047, 8, 18, 0.25, 1),
(2048, 2, 4, 0.25, 1),
(2049, 2, 5, 0.25, 1),
(2050, 2, 6, 0.25, 1),
(2051, 2, 20, 0.25, 1),
(2052, 3, 1, 0.25, 1),
(2053, 3, 2, 0.25, 1),
(2054, 3, 7, 0.25, 1),
(2055, 3, 23, 0.25, 1),
(2056, 13, 12, 0.5, 1),
(2057, 13, 24, 0.5, 1),
(2058, 3, 1, 0.33, 1),
(2059, 3, 2, 0.33, 1),
(2060, 3, 7, 0.33, 1),
(2061, 4, 8, 0.25, 1),
(2062, 4, 9, 0.25, 1),
(2063, 4, 10, 0.25, 1),
(2064, 4, 11, 0.25, 1),
(2065, 13, 12, 0.5, 1),
(2066, 13, 24, 0.5, 1),
(2067, 5, 2, 0.33, 1),
(2068, 5, 12, 0.33, 1),
(2069, 5, 13, 0.33, 1),
(2070, 13, 12, 0.33, 1),
(2071, 13, 18, 0.33, 1),
(2072, 13, 24, 0.33, 1),
(2073, 4, 8, 0.33, 1),
(2074, 4, 9, 0.33, 1),
(2075, 4, 20, 0.33, 1),
(2076, 3, 1, 0.25, 1),
(2077, 3, 2, 0.25, 1),
(2078, 3, 7, 0.25, 1),
(2079, 3, 23, 0.25, 1),
(2080, 1, 1, 0.33, 1),
(2081, 1, 2, 0.33, 1),
(2082, 1, 3, 0.33, 1),
(2083, 11, 2, 0.33, 1),
(2084, 11, 20, 0.33, 1),
(2085, 11, 22, 0.33, 1),
(2086, 8, 12, 0.25, 1),
(2087, 8, 16, 0.25, 1),
(2088, 8, 17, 0.25, 1),
(2089, 8, 18, 0.25, 1),
(2090, 4, 8, 0.33, 1),
(2091, 4, 9, 0.33, 1),
(2092, 4, 20, 0.33, 1),
(2093, 9, 12, 0.5, 1),
(2094, 9, 18, 0.5, 1),
(2095, 3, 1, 0.33, 1),
(2096, 3, 2, 0.33, 1),
(2097, 3, 7, 0.33, 1),
(2098, 8, 9, 0.25, 1),
(2099, 8, 16, 0.25, 1),
(2100, 8, 17, 0.25, 1),
(2101, 8, 18, 0.25, 1),
(2102, 8, 12, 0.25, 1),
(2103, 8, 16, 0.25, 1),
(2104, 8, 17, 0.25, 1),
(2105, 8, 18, 0.25, 1),
(2106, 8, 8, 0.25, 1),
(2107, 8, 16, 0.25, 1),
(2108, 8, 17, 0.25, 1),
(2109, 8, 20, 0.25, 1),
(2110, 8, 11, 0.25, 1),
(2111, 8, 16, 0.25, 1),
(2112, 8, 17, 0.25, 1),
(2113, 8, 18, 0.25, 1),
(2114, 3, 1, 0.33, 1),
(2115, 3, 2, 0.33, 1),
(2116, 3, 7, 0.33, 1),
(2117, 13, 12, 0.5, 1),
(2118, 13, 24, 0.5, 1),
(2119, 13, 12, 0.33, 1),
(2120, 13, 18, 0.33, 1),
(2121, 13, 24, 0.33, 1),
(2122, 9, 2, 0.33, 1),
(2123, 9, 12, 0.33, 1),
(2124, 9, 18, 0.33, 1),
(2125, 8, 12, 0.25, 1),
(2126, 8, 16, 0.25, 1),
(2127, 8, 17, 0.25, 1),
(2128, 8, 18, 0.25, 1),
(2129, 4, 8, 0.33, 1),
(2130, 4, 9, 0.33, 1),
(2131, 4, 20, 0.33, 1),
(2132, 2, 4, 0.25, 1),
(2133, 2, 5, 0.25, 1),
(2134, 2, 6, 0.25, 1),
(2135, 2, 20, 0.25, 1),
(2136, 8, 8, 0.25, 1),
(2137, 8, 16, 0.25, 1),
(2138, 8, 17, 0.25, 1),
(2139, 8, 20, 0.25, 1),
(2140, 8, 8, 0.33, 1),
(2141, 8, 17, 0.33, 1),
(2142, 8, 18, 0.33, 1),
(2143, 11, 22, 0.5, 1),
(2144, 11, 23, 0.5, 1),
(2145, 6, 13, 0.5, 1),
(2146, 6, 14, 0.5, 1),
(2147, 8, 9, 0.25, 1),
(2148, 8, 16, 0.25, 1),
(2149, 8, 17, 0.25, 1),
(2150, 8, 18, 0.25, 1),
(2151, 9, 12, 0.5, 1),
(2152, 9, 18, 0.5, 1),
(2153, 3, 1, 0.33, 1),
(2154, 3, 2, 0.33, 1),
(2155, 3, 7, 0.33, 1),
(2156, 8, 12, 0.25, 1),
(2157, 8, 16, 0.25, 1),
(2158, 8, 17, 0.25, 1),
(2159, 8, 18, 0.25, 1),
(2160, 5, 2, 0.33, 1),
(2161, 5, 12, 0.33, 1),
(2162, 5, 13, 0.33, 1),
(2163, 13, 12, 0.33, 1),
(2164, 13, 18, 0.33, 1),
(2165, 13, 24, 0.33, 1),
(2166, 1, 1, 0.25, 1),
(2167, 1, 2, 0.25, 1),
(2168, 1, 3, 0.25, 1),
(2169, 1, 4, 0.25, 1),
(2170, 4, 8, 0.33, 1),
(2171, 4, 9, 0.33, 1),
(2172, 4, 20, 0.33, 1),
(2173, 5, 2, 0.5, 1),
(2174, 5, 12, 0.5, 1),
(2175, 1, 1, 0.33, 1),
(2176, 1, 2, 0.33, 1),
(2177, 1, 3, 0.33, 1),
(2178, 2, 4, 0.33, 1),
(2179, 2, 5, 0.33, 1),
(2180, 2, 6, 0.33, 1),
(2181, 2, 4, 0.25, 1),
(2182, 2, 5, 0.25, 1),
(2183, 2, 6, 0.25, 1),
(2184, 2, 20, 0.25, 1),
(2185, 2, 4, 0.33, 1),
(2186, 2, 5, 0.33, 1),
(2187, 2, 11, 0.33, 1),
(2188, 11, 2, 0.33, 1),
(2189, 11, 20, 0.33, 1),
(2190, 11, 22, 0.33, 1),
(2191, 2, 4, 0.25, 1),
(2192, 2, 5, 0.25, 1),
(2193, 2, 6, 0.25, 1),
(2194, 2, 20, 0.25, 1),
(2195, 6, 13, 0.5, 1),
(2196, 6, 14, 0.5, 1),
(2197, 9, 12, 0.5, 1),
(2198, 9, 18, 0.5, 1),
(2199, 6, 13, 0.5, 1),
(2200, 6, 14, 0.5, 1),
(2201, 8, 12, 0.25, 1),
(2202, 8, 16, 0.25, 1),
(2203, 8, 17, 0.25, 1),
(2204, 8, 18, 0.25, 1),
(2205, 6, 13, 0.5, 1),
(2206, 6, 14, 0.5, 1),
(2207, 13, 12, 0.33, 1),
(2208, 13, 18, 0.33, 1),
(2209, 13, 24, 0.33, 1),
(2210, 3, 1, 0.33, 1),
(2211, 3, 2, 0.33, 1),
(2212, 3, 7, 0.33, 1),
(2213, 2, 4, 0.33, 1),
(2214, 2, 5, 0.33, 1),
(2215, 2, 6, 0.33, 1),
(2216, 2, 4, 0.33, 1),
(2217, 2, 5, 0.33, 1),
(2218, 2, 6, 0.33, 1),
(2219, 2, 4, 0.25, 1),
(2220, 2, 5, 0.25, 1),
(2221, 2, 6, 0.25, 1),
(2222, 2, 20, 0.25, 1),
(2223, 9, 2, 0.33, 1),
(2224, 9, 12, 0.33, 1),
(2225, 9, 18, 0.33, 1),
(2226, 9, 12, 0.33, 1),
(2227, 9, 18, 0.33, 1),
(2228, 9, 19, 0.33, 1),
(2229, 1, 1, 0.25, 1),
(2230, 1, 2, 0.25, 1),
(2231, 1, 3, 0.25, 1),
(2232, 1, 4, 0.25, 1),
(2233, 9, 12, 0.5, 1),
(2234, 9, 18, 0.5, 1),
(2235, 5, 2, 0.33, 1),
(2236, 5, 12, 0.33, 1),
(2237, 5, 13, 0.33, 1),
(2238, 8, 12, 0.25, 1),
(2239, 8, 16, 0.25, 1),
(2240, 8, 17, 0.25, 1),
(2241, 8, 18, 0.25, 1),
(2242, 11, 2, 0.33, 1),
(2243, 11, 20, 0.33, 1),
(2244, 11, 22, 0.33, 1),
(2245, 13, 12, 0.33, 1),
(2246, 13, 18, 0.33, 1),
(2247, 13, 24, 0.33, 1),
(2248, 9, 11, 0.25, 1),
(2249, 9, 12, 0.25, 1),
(2250, 9, 18, 0.25, 1),
(2251, 9, 19, 0.25, 1),
(2252, 9, 12, 0.5, 1),
(2253, 9, 18, 0.5, 1),
(2254, 3, 1, 0.25, 1),
(2255, 3, 2, 0.25, 1),
(2256, 3, 7, 0.25, 1),
(2257, 3, 23, 0.25, 1),
(2258, 3, 1, 0.33, 1),
(2259, 3, 2, 0.33, 1),
(2260, 3, 7, 0.33, 1),
(2261, 2, 4, 0.25, 1),
(2262, 2, 5, 0.25, 1),
(2263, 2, 6, 0.25, 1),
(2264, 2, 20, 0.25, 1),
(2265, 3, 1, 0.25, 1),
(2266, 3, 2, 0.25, 1),
(2267, 3, 7, 0.25, 1),
(2268, 3, 23, 0.25, 1),
(2269, 7, 15, 1, 1),
(2270, 3, 1, 0.33, 1),
(2271, 3, 2, 0.33, 1),
(2272, 3, 7, 0.33, 1),
(2273, 3, 1, 0.33, 1),
(2274, 3, 2, 0.33, 1),
(2275, 3, 7, 0.33, 1),
(2276, 8, 12, 0.25, 1),
(2277, 8, 16, 0.25, 1),
(2278, 8, 17, 0.25, 1),
(2279, 8, 18, 0.25, 1),
(2280, 5, 2, 0.33, 1),
(2281, 5, 12, 0.33, 1),
(2282, 5, 13, 0.33, 1),
(2283, 5, 2, 0.5, 1),
(2284, 5, 12, 0.5, 1),
(2285, 13, 12, 0.5, 1),
(2286, 13, 24, 0.5, 1),
(2287, 4, 8, 0.33, 1),
(2288, 4, 9, 0.33, 1),
(2289, 4, 20, 0.33, 1),
(2290, 11, 2, 0.33, 1),
(2291, 11, 20, 0.33, 1),
(2292, 11, 22, 0.33, 1),
(2293, 2, 4, 0.33, 1),
(2294, 2, 5, 0.33, 1),
(2295, 2, 11, 0.33, 1),
(2296, 9, 12, 0.5, 1),
(2297, 9, 18, 0.5, 1),
(2298, 3, 1, 0.25, 1),
(2299, 3, 2, 0.25, 1),
(2300, 3, 7, 0.25, 1),
(2301, 3, 23, 0.25, 1),
(2302, 7, 15, 1, 1),
(2303, 2, 4, 0.33, 1),
(2304, 2, 5, 0.33, 1),
(2305, 2, 11, 0.33, 1),
(2306, 3, 1, 0.33, 1),
(2307, 3, 2, 0.33, 1),
(2308, 3, 7, 0.33, 1),
(2309, 8, 12, 0.25, 1),
(2310, 8, 16, 0.25, 1),
(2311, 8, 17, 0.25, 1),
(2312, 8, 18, 0.25, 1),
(2313, 2, 4, 0.25, 1),
(2314, 2, 5, 0.25, 1),
(2315, 2, 6, 0.25, 1),
(2316, 2, 20, 0.25, 1),
(2317, 3, 1, 0.25, 1),
(2318, 3, 2, 0.25, 1),
(2319, 3, 7, 0.25, 1),
(2320, 3, 23, 0.25, 1),
(2321, 2, 4, 0.33, 1),
(2322, 2, 5, 0.33, 1),
(2323, 2, 11, 0.33, 1),
(2324, 3, 1, 0.33, 1),
(2325, 3, 2, 0.33, 1),
(2326, 3, 7, 0.33, 1),
(2327, 13, 12, 0.33, 1),
(2328, 13, 18, 0.33, 1),
(2329, 13, 24, 0.33, 1),
(2330, 1, 1, 0.25, 1),
(2331, 1, 2, 0.25, 1),
(2332, 1, 3, 0.25, 1),
(2333, 1, 4, 0.25, 1),
(2334, 11, 22, 0.5, 1),
(2335, 11, 23, 0.5, 1),
(2336, 3, 1, 0.33, 1),
(2337, 3, 2, 0.33, 1),
(2338, 3, 7, 0.33, 1),
(2339, 4, 8, 0.33, 1),
(2340, 4, 9, 0.33, 1),
(2341, 4, 20, 0.33, 1),
(2342, 9, 12, 0.5, 1),
(2343, 9, 18, 0.5, 1),
(2344, 11, 2, 0.33, 1),
(2345, 11, 20, 0.33, 1),
(2346, 11, 22, 0.33, 1),
(2347, 4, 8, 0.33, 1),
(2348, 4, 9, 0.33, 1),
(2349, 4, 20, 0.33, 1),
(2350, 8, 12, 0.25, 1);
INSERT INTO `data_hasil_training` (`id`, `problems_id`, `gejala_id`, `belief`, `user_id`) VALUES
(2351, 8, 16, 0.25, 1),
(2352, 8, 17, 0.25, 1),
(2353, 8, 18, 0.25, 1),
(2354, 7, 15, 1, 1),
(2355, 2, 4, 0.33, 1),
(2356, 2, 5, 0.33, 1),
(2357, 2, 6, 0.33, 1),
(2358, 2, 4, 0.25, 1),
(2359, 2, 5, 0.25, 1),
(2360, 2, 6, 0.25, 1),
(2361, 2, 20, 0.25, 1),
(2362, 2, 4, 0.25, 1),
(2363, 2, 5, 0.25, 1),
(2364, 2, 6, 0.25, 1),
(2365, 2, 20, 0.25, 1),
(2366, 1, 1, 0.33, 1),
(2367, 1, 2, 0.33, 1),
(2368, 1, 3, 0.33, 1),
(2369, 7, 15, 1, 1),
(2370, 13, 12, 0.33, 1),
(2371, 13, 18, 0.33, 1),
(2372, 13, 24, 0.33, 1),
(2373, 4, 8, 0.33, 1),
(2374, 4, 9, 0.33, 1),
(2375, 4, 20, 0.33, 1),
(2376, 9, 12, 0.5, 1),
(2377, 9, 18, 0.5, 1),
(2378, 2, 4, 0.33, 1),
(2379, 2, 5, 0.33, 1),
(2380, 2, 11, 0.33, 1),
(2381, 2, 4, 0.33, 1),
(2382, 2, 5, 0.33, 1),
(2383, 2, 6, 0.33, 1),
(2384, 2, 4, 0.25, 1),
(2385, 2, 5, 0.25, 1),
(2386, 2, 6, 0.25, 1),
(2387, 2, 20, 0.25, 1),
(2388, 8, 12, 0.25, 1),
(2389, 8, 16, 0.25, 1),
(2390, 8, 17, 0.25, 1),
(2391, 8, 18, 0.25, 1),
(2392, 2, 4, 0.33, 1),
(2393, 2, 5, 0.33, 1),
(2394, 2, 6, 0.33, 1),
(2395, 8, 8, 0.25, 1),
(2396, 8, 16, 0.25, 1),
(2397, 8, 17, 0.25, 1),
(2398, 8, 20, 0.25, 1),
(2399, 8, 8, 0.33, 1),
(2400, 8, 17, 0.33, 1),
(2401, 8, 18, 0.33, 1),
(2402, 8, 9, 0.25, 1),
(2403, 8, 16, 0.25, 1),
(2404, 8, 17, 0.25, 1),
(2405, 8, 18, 0.25, 1),
(2406, 11, 2, 0.33, 1),
(2407, 11, 20, 0.33, 1),
(2408, 11, 22, 0.33, 1),
(2409, 13, 12, 0.33, 1),
(2410, 13, 18, 0.33, 1),
(2411, 13, 24, 0.33, 1),
(2412, 5, 2, 0.33, 1),
(2413, 5, 12, 0.33, 1),
(2414, 5, 13, 0.33, 1),
(2415, 7, 15, 1, 1),
(2416, 3, 1, 0.25, 1),
(2417, 3, 2, 0.25, 1),
(2418, 3, 7, 0.25, 1),
(2419, 3, 23, 0.25, 1),
(2420, 3, 1, 0.33, 1),
(2421, 3, 2, 0.33, 1),
(2422, 3, 7, 0.33, 1),
(2423, 9, 12, 0.5, 1),
(2424, 9, 18, 0.5, 1),
(2425, 3, 1, 0.25, 1),
(2426, 3, 2, 0.25, 1),
(2427, 3, 7, 0.25, 1),
(2428, 3, 23, 0.25, 1),
(2429, 4, 8, 0.33, 1),
(2430, 4, 9, 0.33, 1),
(2431, 4, 20, 0.33, 1),
(2432, 2, 4, 0.25, 1),
(2433, 2, 5, 0.25, 1),
(2434, 2, 6, 0.25, 1),
(2435, 2, 20, 0.25, 1),
(2436, 8, 12, 0.25, 1),
(2437, 8, 16, 0.25, 1),
(2438, 8, 17, 0.25, 1),
(2439, 8, 18, 0.25, 1),
(2440, 1, 1, 0.25, 1),
(2441, 1, 2, 0.25, 1),
(2442, 1, 3, 0.25, 1),
(2443, 1, 4, 0.25, 1),
(2444, 11, 2, 0.33, 1),
(2445, 11, 20, 0.33, 1),
(2446, 11, 22, 0.33, 1),
(2447, 3, 1, 0.33, 1),
(2448, 3, 2, 0.33, 1),
(2449, 3, 7, 0.33, 1),
(2450, 5, 2, 0.33, 1),
(2451, 5, 12, 0.33, 1),
(2452, 5, 13, 0.33, 1),
(2453, 7, 15, 1, 1),
(2454, 13, 12, 0.5, 1),
(2455, 13, 24, 0.5, 1),
(2456, 2, 4, 0.25, 1),
(2457, 2, 5, 0.25, 1),
(2458, 2, 6, 0.25, 1),
(2459, 2, 20, 0.25, 1),
(2460, 7, 15, 1, 1),
(2461, 13, 12, 0.33, 1),
(2462, 13, 18, 0.33, 1),
(2463, 13, 24, 0.33, 1),
(2464, 1, 1, 0.33, 1),
(2465, 1, 2, 0.33, 1),
(2466, 1, 3, 0.33, 1),
(2467, 5, 2, 0.5, 1),
(2468, 5, 12, 0.5, 1),
(2469, 4, 8, 0.33, 1),
(2470, 4, 9, 0.33, 1),
(2471, 4, 20, 0.33, 1),
(2472, 2, 4, 0.33, 1),
(2473, 2, 5, 0.33, 1),
(2474, 2, 11, 0.33, 1),
(2475, 9, 12, 0.5, 1),
(2476, 9, 18, 0.5, 1),
(2477, 4, 8, 0.25, 1),
(2478, 4, 9, 0.25, 1),
(2479, 4, 10, 0.25, 1),
(2480, 4, 11, 0.25, 1),
(2481, 4, 8, 0.33, 1),
(2482, 4, 9, 0.33, 1),
(2483, 4, 11, 0.33, 1),
(2484, 4, 8, 0.33, 1),
(2485, 4, 9, 0.33, 1),
(2486, 4, 20, 0.33, 1),
(2487, 13, 12, 0.5, 1),
(2488, 13, 24, 0.5, 1),
(2489, 4, 8, 0.17, 1),
(2490, 4, 9, 0.17, 1),
(2491, 4, 10, 0.17, 1),
(2492, 4, 11, 0.17, 1),
(2493, 4, 16, 0.17, 1),
(2494, 4, 17, 0.17, 1),
(2495, 4, 2, 0.2, 1),
(2496, 4, 8, 0.2, 1),
(2497, 4, 9, 0.2, 1),
(2498, 4, 10, 0.2, 1),
(2499, 4, 11, 0.2, 1),
(2500, 3, 1, 0.33, 1),
(2501, 3, 2, 0.33, 1),
(2502, 3, 7, 0.33, 1),
(2503, 5, 2, 0.33, 1),
(2504, 5, 12, 0.33, 1),
(2505, 5, 13, 0.33, 1),
(2506, 11, 2, 0.33, 1),
(2507, 11, 20, 0.33, 1),
(2508, 11, 22, 0.33, 1),
(2509, 7, 15, 1, 1),
(2510, 1, 1, 0.25, 1),
(2511, 1, 2, 0.25, 1),
(2512, 1, 3, 0.25, 1),
(2513, 1, 4, 0.25, 1),
(2514, 2, 4, 0.25, 1),
(2515, 2, 5, 0.25, 1),
(2516, 2, 6, 0.25, 1),
(2517, 2, 20, 0.25, 1),
(2518, 4, 8, 0.25, 1),
(2519, 4, 9, 0.25, 1),
(2520, 4, 10, 0.25, 1),
(2521, 4, 11, 0.25, 1),
(2522, 4, 8, 0.25, 1),
(2523, 4, 9, 0.25, 1),
(2524, 4, 10, 0.25, 1),
(2525, 4, 11, 0.25, 1),
(2526, 4, 8, 0.25, 1),
(2527, 4, 9, 0.25, 1),
(2528, 4, 10, 0.25, 1),
(2529, 4, 11, 0.25, 1),
(2530, 4, 2, 0.25, 1),
(2531, 4, 8, 0.25, 1),
(2532, 4, 9, 0.25, 1),
(2533, 4, 11, 0.25, 1),
(2534, 7, 15, 1, 1),
(2535, 9, 12, 0.5, 1),
(2536, 9, 18, 0.5, 1),
(2537, 13, 12, 0.5, 1),
(2538, 13, 24, 0.5, 1),
(2539, 4, 8, 0.33, 1),
(2540, 4, 9, 0.33, 1),
(2541, 4, 20, 0.33, 1),
(2542, 3, 1, 0.33, 1),
(2543, 3, 2, 0.33, 1),
(2544, 3, 7, 0.33, 1),
(2545, 8, 9, 0.25, 1),
(2546, 8, 16, 0.25, 1),
(2547, 8, 17, 0.25, 1),
(2548, 8, 18, 0.25, 1),
(2549, 8, 12, 0.25, 1),
(2550, 8, 16, 0.25, 1),
(2551, 8, 17, 0.25, 1),
(2552, 8, 18, 0.25, 1),
(2553, 8, 8, 0.25, 1),
(2554, 8, 16, 0.25, 1),
(2555, 8, 17, 0.25, 1),
(2556, 8, 20, 0.25, 1),
(2557, 8, 11, 0.25, 1),
(2558, 8, 16, 0.25, 1),
(2559, 8, 17, 0.25, 1),
(2560, 8, 18, 0.25, 1),
(2561, 4, 8, 0.25, 1),
(2562, 4, 9, 0.25, 1),
(2563, 4, 10, 0.25, 1),
(2564, 4, 11, 0.25, 1),
(2565, 4, 2, 0.25, 1),
(2566, 4, 8, 0.25, 1),
(2567, 4, 9, 0.25, 1),
(2568, 4, 11, 0.25, 1),
(2569, 2, 4, 0.33, 1),
(2570, 2, 5, 0.33, 1),
(2571, 2, 11, 0.33, 1),
(2572, 11, 2, 0.33, 1),
(2573, 11, 20, 0.33, 1),
(2574, 11, 22, 0.33, 1),
(2575, 2, 4, 0.25, 1),
(2576, 2, 5, 0.25, 1),
(2577, 2, 6, 0.25, 1),
(2578, 2, 20, 0.25, 1),
(2579, 8, 12, 0.25, 1),
(2580, 8, 16, 0.25, 1),
(2581, 8, 17, 0.25, 1),
(2582, 8, 18, 0.25, 1),
(2583, 4, 8, 0.33, 1),
(2584, 4, 9, 0.33, 1),
(2585, 4, 20, 0.33, 1),
(2586, 10, 2, 0.33, 1),
(2587, 10, 20, 0.33, 1),
(2588, 10, 21, 0.33, 1),
(2589, 4, 8, 0.33, 1),
(2590, 4, 9, 0.33, 1),
(2591, 4, 20, 0.33, 1),
(2592, 11, 22, 0.5, 1),
(2593, 11, 23, 0.5, 1),
(2594, 2, 4, 0.33, 1),
(2595, 2, 5, 0.33, 1),
(2596, 2, 11, 0.33, 1),
(2597, 9, 12, 0.5, 1),
(2598, 9, 18, 0.5, 1),
(2599, 4, 2, 0.25, 1),
(2600, 4, 9, 0.25, 1),
(2601, 4, 10, 0.25, 1),
(2602, 4, 11, 0.25, 1),
(2603, 3, 1, 0.33, 1),
(2604, 3, 2, 0.33, 1),
(2605, 3, 7, 0.33, 1),
(2606, 4, 2, 0.25, 1),
(2607, 4, 8, 0.25, 1),
(2608, 4, 10, 0.25, 1),
(2609, 4, 11, 0.25, 1),
(2610, 1, 1, 0.33, 1),
(2611, 1, 2, 0.33, 1),
(2612, 1, 3, 0.33, 1),
(2613, 3, 1, 0.33, 1),
(2614, 3, 2, 0.33, 1),
(2615, 3, 7, 0.33, 1),
(2616, 3, 1, 0.25, 1),
(2617, 3, 2, 0.25, 1),
(2618, 3, 7, 0.25, 1),
(2619, 3, 23, 0.25, 1),
(2620, 5, 2, 0.33, 1),
(2621, 5, 12, 0.33, 1),
(2622, 5, 13, 0.33, 1),
(2623, 2, 4, 0.25, 1),
(2624, 2, 5, 0.25, 1),
(2625, 2, 6, 0.25, 1),
(2626, 2, 20, 0.25, 1),
(2627, 7, 2, 0.5, 1),
(2628, 7, 15, 0.5, 1),
(2629, 10, 2, 0.33, 1),
(2630, 10, 20, 0.33, 1),
(2631, 10, 21, 0.33, 1),
(2632, 5, 2, 0.5, 1),
(2633, 5, 12, 0.5, 1),
(2634, 13, 12, 0.33, 1),
(2635, 13, 18, 0.33, 1),
(2636, 13, 24, 0.33, 1),
(2637, 6, 12, 0.33, 1),
(2638, 6, 13, 0.33, 1),
(2639, 6, 24, 0.33, 1),
(2640, 3, 1, 0.33, 1),
(2641, 3, 2, 0.33, 1),
(2642, 3, 7, 0.33, 1),
(2643, 3, 1, 0.33, 1),
(2644, 3, 2, 0.33, 1),
(2645, 3, 7, 0.33, 1),
(2646, 5, 2, 0.33, 1),
(2647, 5, 12, 0.33, 1),
(2648, 5, 13, 0.33, 1),
(2649, 1, 1, 0.33, 1),
(2650, 1, 2, 0.33, 1),
(2651, 1, 3, 0.33, 1),
(2652, 3, 1, 0.33, 1),
(2653, 3, 2, 0.33, 1),
(2654, 3, 7, 0.33, 1),
(2655, 2, 4, 0.33, 1),
(2656, 2, 5, 0.33, 1),
(2657, 2, 11, 0.33, 1),
(2658, 2, 4, 0.25, 1),
(2659, 2, 5, 0.25, 1),
(2660, 2, 6, 0.25, 1),
(2661, 2, 20, 0.25, 1),
(2662, 9, 12, 0.5, 1),
(2663, 9, 18, 0.5, 1),
(2664, 11, 2, 0.33, 1),
(2665, 11, 20, 0.33, 1),
(2666, 11, 22, 0.33, 1),
(2667, 9, 2, 0.33, 1),
(2668, 9, 12, 0.33, 1),
(2669, 9, 18, 0.33, 1),
(2670, 11, 22, 0.5, 1),
(2671, 11, 23, 0.5, 1),
(2672, 4, 8, 0.33, 1),
(2673, 4, 9, 0.33, 1),
(2674, 4, 20, 0.33, 1),
(2675, 10, 2, 0.33, 1),
(2676, 10, 20, 0.33, 1),
(2677, 10, 21, 0.33, 1),
(2678, 7, 2, 0.5, 1),
(2679, 7, 15, 0.5, 1),
(2680, 11, 2, 0.33, 1),
(2681, 11, 20, 0.33, 1),
(2682, 11, 22, 0.33, 1),
(2683, 4, 8, 0.33, 1),
(2684, 4, 9, 0.33, 1),
(2685, 4, 20, 0.33, 1),
(2686, 13, 12, 0.33, 1),
(2687, 13, 18, 0.33, 1),
(2688, 13, 24, 0.33, 1),
(2689, 11, 2, 0.33, 1),
(2690, 11, 11, 0.33, 1),
(2691, 11, 22, 0.33, 1),
(2692, 10, 2, 0.33, 1),
(2693, 10, 20, 0.33, 1),
(2694, 10, 21, 0.33, 1),
(2695, 6, 13, 0.5, 1),
(2696, 6, 14, 0.5, 1),
(2697, 2, 4, 0.25, 1),
(2698, 2, 5, 0.25, 1),
(2699, 2, 6, 0.25, 1),
(2700, 2, 20, 0.25, 1),
(2701, 6, 2, 0.25, 1),
(2702, 6, 12, 0.25, 1),
(2703, 6, 13, 0.25, 1),
(2704, 6, 14, 0.25, 1),
(2705, 3, 1, 0.33, 1),
(2706, 3, 2, 0.33, 1),
(2707, 3, 7, 0.33, 1),
(2708, 4, 8, 0.33, 1),
(2709, 4, 9, 0.33, 1),
(2710, 4, 20, 0.33, 1),
(2711, 2, 4, 0.33, 1),
(2712, 2, 5, 0.33, 1),
(2713, 2, 11, 0.33, 1),
(2714, 4, 8, 0.33, 1),
(2715, 4, 9, 0.33, 1),
(2716, 4, 20, 0.33, 1),
(2717, 9, 12, 0.5, 1),
(2718, 9, 18, 0.5, 1),
(2719, 2, 4, 0.33, 1),
(2720, 2, 5, 0.33, 1),
(2721, 2, 11, 0.33, 1),
(2722, 13, 12, 0.33, 1),
(2723, 13, 18, 0.33, 1),
(2724, 13, 24, 0.33, 1),
(2725, 10, 2, 0.33, 1),
(2726, 10, 20, 0.33, 1),
(2727, 10, 21, 0.33, 1),
(2728, 9, 2, 0.33, 1),
(2729, 9, 12, 0.33, 1),
(2730, 9, 18, 0.33, 1),
(2731, 7, 2, 0.5, 1),
(2732, 7, 15, 0.5, 1),
(2733, 6, 2, 0.33, 1),
(2734, 6, 13, 0.33, 1),
(2735, 6, 14, 0.33, 1),
(2736, 10, 2, 0.33, 1),
(2737, 10, 20, 0.33, 1),
(2738, 10, 21, 0.33, 1),
(2739, 8, 9, 0.25, 1),
(2740, 8, 16, 0.25, 1),
(2741, 8, 17, 0.25, 1),
(2742, 8, 18, 0.25, 1),
(2743, 8, 12, 0.25, 1),
(2744, 8, 16, 0.25, 1),
(2745, 8, 17, 0.25, 1),
(2746, 8, 18, 0.25, 1),
(2747, 8, 8, 0.25, 1),
(2748, 8, 16, 0.25, 1),
(2749, 8, 17, 0.25, 1),
(2750, 8, 20, 0.25, 1),
(2751, 8, 11, 0.25, 1),
(2752, 8, 16, 0.25, 1),
(2753, 8, 17, 0.25, 1),
(2754, 8, 18, 0.25, 1),
(2755, 1, 1, 0.33, 1),
(2756, 1, 2, 0.33, 1),
(2757, 1, 3, 0.33, 1),
(2758, 5, 2, 0.33, 1),
(2759, 5, 12, 0.33, 1),
(2760, 5, 13, 0.33, 1),
(2761, 3, 1, 0.33, 1),
(2762, 3, 2, 0.33, 1),
(2763, 3, 7, 0.33, 1),
(2764, 10, 2, 0.33, 1),
(2765, 10, 20, 0.33, 1),
(2766, 10, 21, 0.33, 1),
(2767, 11, 2, 0.33, 1),
(2768, 11, 11, 0.33, 1),
(2769, 11, 22, 0.33, 1),
(2770, 13, 12, 0.33, 1),
(2771, 13, 18, 0.33, 1),
(2772, 13, 24, 0.33, 1),
(2773, 9, 12, 0.5, 1),
(2774, 9, 18, 0.5, 1),
(2775, 11, 2, 0.33, 1),
(2776, 11, 20, 0.33, 1),
(2777, 11, 22, 0.33, 1),
(2778, 7, 2, 0.5, 1),
(2779, 7, 15, 0.5, 1),
(2780, 9, 2, 0.33, 1),
(2781, 9, 12, 0.33, 1),
(2782, 9, 18, 0.33, 1),
(2783, 10, 2, 0.33, 1),
(2784, 10, 20, 0.33, 1),
(2785, 10, 21, 0.33, 1),
(2786, 2, 4, 0.25, 1),
(2787, 2, 5, 0.25, 1),
(2788, 2, 6, 0.25, 1),
(2789, 2, 20, 0.25, 1),
(2790, 7, 15, 1, 1),
(2791, 10, 2, 0.33, 1),
(2792, 10, 20, 0.33, 1),
(2793, 10, 21, 0.33, 1),
(2794, 13, 12, 0.5, 1),
(2795, 13, 24, 0.5, 1),
(2796, 11, 2, 0.33, 1),
(2797, 11, 11, 0.33, 1),
(2798, 11, 22, 0.33, 1),
(2799, 4, 8, 0.25, 1),
(2800, 4, 9, 0.25, 1),
(2801, 4, 10, 0.25, 1),
(2802, 4, 11, 0.25, 1),
(2803, 11, 2, 0.33, 1),
(2804, 11, 11, 0.33, 1),
(2805, 11, 22, 0.33, 1),
(2806, 3, 1, 0.33, 1),
(2807, 3, 2, 0.33, 1),
(2808, 3, 7, 0.33, 1),
(2809, 9, 12, 0.33, 1),
(2810, 9, 18, 0.33, 1),
(2811, 9, 19, 0.33, 1),
(2812, 9, 12, 0.33, 1),
(2813, 9, 18, 0.33, 1),
(2814, 9, 19, 0.33, 1),
(2815, 4, 8, 0.25, 1),
(2816, 4, 9, 0.25, 1),
(2817, 4, 10, 0.25, 1),
(2818, 4, 11, 0.25, 1),
(2819, 11, 2, 0.33, 1),
(2820, 11, 11, 0.33, 1),
(2821, 11, 22, 0.33, 1),
(2822, 11, 22, 0.5, 1),
(2823, 11, 23, 0.5, 1),
(2824, 13, 12, 0.5, 1),
(2825, 13, 24, 0.5, 1),
(2826, 9, 12, 0.5, 1),
(2827, 9, 18, 0.5, 1),
(2828, 3, 1, 0.33, 1),
(2829, 3, 2, 0.33, 1),
(2830, 3, 7, 0.33, 1),
(2831, 11, 22, 0.5, 1),
(2832, 11, 23, 0.5, 1),
(2833, 3, 1, 0.33, 1),
(2834, 3, 2, 0.33, 1),
(2835, 3, 7, 0.33, 1),
(2836, 10, 2, 0.33, 1),
(2837, 10, 20, 0.33, 1),
(2838, 10, 21, 0.33, 1),
(2839, 7, 2, 0.5, 1),
(2840, 7, 15, 0.5, 1),
(2841, 2, 4, 0.25, 1),
(2842, 2, 5, 0.25, 1),
(2843, 2, 6, 0.25, 1),
(2844, 2, 20, 0.25, 1),
(2845, 1, 1, 0.25, 1),
(2846, 1, 2, 0.25, 1),
(2847, 1, 3, 0.25, 1),
(2848, 1, 4, 0.25, 1),
(2849, 4, 8, 0.25, 1),
(2850, 4, 9, 0.25, 1),
(2851, 4, 10, 0.25, 1),
(2852, 4, 11, 0.25, 1),
(2853, 7, 15, 1, 1),
(2854, 11, 2, 0.33, 1),
(2855, 11, 20, 0.33, 1),
(2856, 11, 22, 0.33, 1),
(2857, 6, 13, 0.33, 1),
(2858, 6, 14, 0.33, 1),
(2859, 6, 24, 0.33, 1),
(2860, 4, 8, 0.25, 1),
(2861, 4, 9, 0.25, 1),
(2862, 4, 10, 0.25, 1),
(2863, 4, 11, 0.25, 1),
(2864, 13, 12, 0.33, 1),
(2865, 13, 18, 0.33, 1),
(2866, 13, 24, 0.33, 1),
(2867, 4, 8, 0.25, 1),
(2868, 4, 9, 0.25, 1),
(2869, 4, 10, 0.25, 1),
(2870, 4, 11, 0.25, 1),
(2871, 2, 4, 0.33, 1),
(2872, 2, 5, 0.33, 1),
(2873, 2, 11, 0.33, 1),
(2874, 6, 13, 0.5, 1),
(2875, 6, 14, 0.5, 1),
(2876, 13, 12, 0.33, 1),
(2877, 13, 18, 0.33, 1),
(2878, 13, 24, 0.33, 1),
(2879, 9, 12, 0.5, 1),
(2880, 9, 18, 0.5, 1),
(2881, 7, 15, 1, 1),
(2882, 11, 2, 0.33, 1),
(2883, 11, 11, 0.33, 1),
(2884, 11, 22, 0.33, 1),
(2885, 11, 22, 0.5, 1),
(2886, 11, 23, 0.5, 1),
(2887, 10, 2, 0.33, 1),
(2888, 10, 20, 0.33, 1),
(2889, 10, 21, 0.33, 1),
(2890, 3, 1, 0.33, 1),
(2891, 3, 2, 0.33, 1),
(2892, 3, 7, 0.33, 1),
(2893, 5, 2, 0.33, 1),
(2894, 5, 12, 0.33, 1),
(2895, 5, 13, 0.33, 1),
(2896, 1, 1, 0.33, 1),
(2897, 1, 2, 0.33, 1),
(2898, 1, 3, 0.33, 1),
(2899, 7, 2, 0.5, 1),
(2900, 7, 15, 0.5, 1),
(2901, 4, 8, 0.25, 1),
(2902, 4, 9, 0.25, 1),
(2903, 4, 10, 0.25, 1),
(2904, 4, 11, 0.25, 1),
(2905, 13, 12, 0.33, 1),
(2906, 13, 18, 0.33, 1),
(2907, 13, 24, 0.33, 1),
(2908, 11, 2, 0.33, 1),
(2909, 11, 20, 0.33, 1),
(2910, 11, 22, 0.33, 1),
(2911, 6, 2, 0.33, 1),
(2912, 6, 13, 0.33, 1),
(2913, 6, 14, 0.33, 1),
(2914, 6, 13, 0.5, 1),
(2915, 6, 14, 0.5, 1),
(2916, 2, 4, 0.25, 1),
(2917, 2, 5, 0.25, 1),
(2918, 2, 6, 0.25, 1),
(2919, 2, 20, 0.25, 1),
(2920, 11, 2, 0.33, 1),
(2921, 11, 11, 0.33, 1),
(2922, 11, 22, 0.33, 1),
(2923, 13, 12, 0.33, 1),
(2924, 13, 18, 0.33, 1),
(2925, 13, 24, 0.33, 1),
(2926, 9, 12, 0.5, 1),
(2927, 9, 18, 0.5, 1),
(2928, 6, 2, 0.33, 1),
(2929, 6, 13, 0.33, 1),
(2930, 6, 14, 0.33, 1),
(2931, 6, 2, 0.33, 1),
(2932, 6, 13, 0.33, 1),
(2933, 6, 14, 0.33, 1),
(2934, 11, 22, 0.5, 1),
(2935, 11, 23, 0.5, 1),
(2936, 3, 1, 0.33, 1),
(2937, 3, 2, 0.33, 1),
(2938, 3, 7, 0.33, 1),
(2939, 11, 22, 0.5, 1),
(2940, 11, 23, 0.5, 1),
(2941, 13, 12, 0.33, 1),
(2942, 13, 18, 0.33, 1),
(2943, 13, 24, 0.33, 1),
(2944, 10, 2, 0.33, 1),
(2945, 10, 20, 0.33, 1),
(2946, 10, 21, 0.33, 1),
(2947, 13, 12, 0.33, 1),
(2948, 13, 18, 0.33, 1),
(2949, 13, 24, 0.33, 1),
(2950, 7, 2, 0.5, 1),
(2951, 7, 15, 0.5, 1),
(2952, 10, 2, 0.33, 1),
(2953, 10, 20, 0.33, 1),
(2954, 10, 21, 0.33, 1),
(2955, 9, 12, 0.5, 1),
(2956, 9, 18, 0.5, 1),
(2957, 4, 8, 0.25, 1),
(2958, 4, 9, 0.25, 1),
(2959, 4, 10, 0.25, 1),
(2960, 4, 11, 0.25, 1),
(2961, 11, 2, 0.33, 1),
(2962, 11, 11, 0.33, 1),
(2963, 11, 22, 0.33, 1),
(2964, 2, 4, 0.33, 1),
(2965, 2, 5, 0.33, 1),
(2966, 2, 11, 0.33, 1),
(2967, 13, 12, 0.5, 1),
(2968, 13, 24, 0.5, 1),
(2969, 4, 8, 0.33, 1),
(2970, 4, 9, 0.33, 1),
(2971, 4, 20, 0.33, 1),
(2972, 6, 2, 0.2, 1),
(2973, 6, 13, 0.2, 1),
(2974, 6, 14, 0.2, 1),
(2975, 6, 20, 0.2, 1),
(2976, 6, 23, 0.2, 1),
(2977, 1, 1, 0.25, 1),
(2978, 1, 2, 0.25, 1),
(2979, 1, 3, 0.25, 1),
(2980, 1, 4, 0.25, 1),
(2981, 3, 1, 0.33, 1),
(2982, 3, 2, 0.33, 1),
(2983, 3, 7, 0.33, 1),
(2984, 6, 2, 0.33, 1),
(2985, 6, 13, 0.33, 1),
(2986, 6, 14, 0.33, 1),
(2987, 5, 2, 0.33, 1),
(2988, 5, 12, 0.33, 1),
(2989, 5, 13, 0.33, 1),
(2990, 5, 2, 0.33, 1),
(2991, 5, 12, 0.33, 1),
(2992, 5, 13, 0.33, 1),
(2993, 4, 8, 0.25, 1),
(2994, 4, 9, 0.25, 1),
(2995, 4, 10, 0.25, 1),
(2996, 4, 11, 0.25, 1),
(2997, 13, 12, 0.33, 1),
(2998, 13, 18, 0.33, 1),
(2999, 13, 24, 0.33, 1),
(3000, 11, 22, 0.5, 1),
(3001, 11, 23, 0.5, 1),
(3002, 13, 12, 0.33, 1),
(3003, 13, 18, 0.33, 1),
(3004, 13, 24, 0.33, 1),
(3005, 6, 13, 0.5, 1),
(3006, 6, 14, 0.5, 1),
(3007, 6, 13, 0.5, 1),
(3008, 6, 14, 0.5, 1),
(3009, 9, 12, 0.5, 1),
(3010, 9, 18, 0.5, 1),
(3011, 1, 1, 0.25, 1),
(3012, 1, 2, 0.25, 1),
(3013, 1, 3, 0.25, 1),
(3014, 1, 4, 0.25, 1),
(3015, 6, 13, 0.5, 1),
(3016, 6, 14, 0.5, 1),
(3017, 11, 22, 0.5, 1),
(3018, 11, 23, 0.5, 1),
(3019, 7, 2, 0.5, 1),
(3020, 7, 15, 0.5, 1),
(3021, 3, 1, 0.33, 1),
(3022, 3, 2, 0.33, 1),
(3023, 3, 7, 0.33, 1),
(3024, 13, 12, 0.33, 1),
(3025, 13, 18, 0.33, 1),
(3026, 13, 24, 0.33, 1),
(3027, 9, 12, 0.5, 1),
(3028, 9, 18, 0.5, 1),
(3029, 4, 8, 0.33, 1),
(3030, 4, 9, 0.33, 1),
(3031, 4, 20, 0.33, 1),
(3032, 5, 2, 0.5, 1),
(3033, 5, 12, 0.5, 1),
(3034, 2, 4, 0.33, 1),
(3035, 2, 5, 0.33, 1),
(3036, 2, 11, 0.33, 1),
(3037, 8, 9, 0.25, 1),
(3038, 8, 16, 0.25, 1),
(3039, 8, 17, 0.25, 1),
(3040, 8, 18, 0.25, 1),
(3041, 8, 12, 0.25, 1),
(3042, 8, 16, 0.25, 1),
(3043, 8, 17, 0.25, 1),
(3044, 8, 18, 0.25, 1),
(3045, 8, 8, 0.25, 1),
(3046, 8, 16, 0.25, 1),
(3047, 8, 17, 0.25, 1),
(3048, 8, 20, 0.25, 1),
(3049, 8, 11, 0.25, 1),
(3050, 8, 16, 0.25, 1),
(3051, 8, 17, 0.25, 1),
(3052, 8, 18, 0.25, 1),
(3053, 13, 12, 0.5, 1),
(3054, 13, 24, 0.5, 1),
(3055, 9, 2, 0.33, 1),
(3056, 9, 12, 0.33, 1),
(3057, 9, 18, 0.33, 1),
(3058, 1, 1, 0.25, 1),
(3059, 1, 2, 0.25, 1),
(3060, 1, 3, 0.25, 1),
(3061, 1, 4, 0.25, 1),
(3062, 4, 8, 0.25, 1),
(3063, 4, 9, 0.25, 1),
(3064, 4, 10, 0.25, 1),
(3065, 4, 11, 0.25, 1),
(3066, 4, 8, 0.25, 1),
(3067, 4, 9, 0.25, 1),
(3068, 4, 10, 0.25, 1),
(3069, 4, 11, 0.25, 1),
(3070, 9, 12, 0.5, 1),
(3071, 9, 18, 0.5, 1),
(3072, 11, 2, 0.33, 1),
(3073, 11, 11, 0.33, 1),
(3074, 11, 22, 0.33, 1),
(3075, 12, 21, 0.5, 1),
(3076, 12, 20, 0.5, 1),
(3077, 12, 22, 0.5, 1),
(3078, 12, 8, 0.5, 1),
(3079, 12, 22, 0.5, 1),
(3080, 12, 2, 0.5, 1),
(3081, 12, 12, 0.5, 1),
(3082, 12, 23, 0.5, 1);

-- --------------------------------------------------------

--
-- Table structure for table `data_training`
--

CREATE TABLE `data_training` (
  `id` int(11) NOT NULL,
  `gejala_id` char(100) NOT NULL,
  `problems_id` int(11) NOT NULL
) ENGINE=InnoDB DEFAULT CHARSET=utf8mb4;

--
-- Dumping data for table `data_training`
--

INSERT INTO `data_training` (`id`, `gejala_id`, `problems_id`) VALUES
(1, 'G01, G02, G03', 1),
(2, 'G01, G02, G04', 1),
(3, 'G02, G22', 11),
(4, 'G12, G13,G24', 6),
(5, 'G16, G17', 8),
(6, 'G11, G12, G17, G18, G19', 8),
(7, 'G08,G09, G20', 4),
(8, 'G22, G23', 11),
(9, 'G15, G17', 7),
(10, 'G04, G05, G06', 2),
(11, 'G08, G09, G10, G11', 4),
(12, 'G01, G02, G07, G23', 3),
(13, 'G20, G21, G23', 10),
(14, 'G16, G17, G18', 8),
(15, 'G01, G02, G07', 3),
(16, 'G08, G09, G16, G17, G18', 8),
(17, 'G13, G14', 6),
(18, 'G02, G14, G15', 7),
(19, 'G04, G05, G06, G20', 2),
(20, 'G02, G12, G18', 9),
(21, 'G12, G18, G19', 9),
(22, 'G08, G09, G11', 4),
(23, 'G09, G16, G17, G18', 8),
(24, 'G04, G05, G11', 2),
(25, 'G08, G16, G17, G20', 8),
(26, 'G02, G12, G13', 5),
(27, 'G11, G15', 7),
(28, 'G02, G20, G21, G23', 10),
(29, 'G02, G12, G13, G14', 6),
(30, 'G16, G17, G20', 8),
(31, 'G15', 7),
(32, 'G02, G13, G14', 6),
(33, 'G02, G11, G22', 11),
(34, 'G13, G14, G24', 6),
(35, 'G09, G16, G17, G18', 8),
(36, 'G21, G23', 10),
(37, 'G12, G18, G19', 9),
(38, 'G02, G13, G14', 6),
(39, 'G12, G18, G24', 13),
(40, 'G12, G16, G17, G18', 8),
(41, 'G12, G18', 9),
(42, 'G11, G16, G17, G18', 8),
(43, 'G08, G09, G10, G11, G16, G17', 4),
(44, 'G02, G08, G09, G10, G11', 4),
(45, 'G02, G20, G21', 10),
(46, 'G02, G15', 7),
(47, 'G01, G02, G07, G23', 3),
(48, 'G02, G20, G22', 11),
(49, 'G13,G14', 6),
(50, 'G20, G21', 10),
(51, 'G02, G13, G14', 6),
(52, 'G08, G09, G10, G11', 4),
(53, 'G12, G18, G19', 9),
(54, 'G16, G17, G18', 8),
(55, 'G08, G16, G17, G20', 8),
(56, 'G02, G20, G21, G23', 10),
(57, 'G12, G18, G19', 9),
(58, 'G08, G09, G10, G11', 4),
(59, 'G02, G13, G14', 6),
(60, 'G02, G13, G14, G20, G23', 6),
(61, 'G02, G20, G22', 11),
(62, 'G12, G16, G17, G18', 8),
(63, 'G08, G16, G17, G20', 8),
(64, 'G02, G22, G23', 11),
(65, 'G16, G17, G18', 8),
(66, 'G02, G13, G14', 6),
(67, 'G08, G09, G10, G11', 4),
(68, 'G02, G08, G09, G11', 4),
(69, 'G08, G16, G17, G20', 8),
(70, 'G02, G13, G14', 6),
(71, 'G12, G18, G19', 9),
(72, 'G02, G15', 7),
(73, 'G02, G22', 11),
(74, 'G08, G09, G10, G11', 4),
(75, 'G02, G20, G21, G23', 10),
(76, 'G08, G17, G18', 8),
(77, 'G12, G18, G19', 9),
(78, 'G02, G08, G09, G11', 4),
(79, 'G04, G05, G06', 2),
(80, 'G01, G02, G07', 3),
(81, 'G09, G16, G17, G18', 8),
(82, 'G02, G20, G21, G23', 10),
(83, 'G12, G24', 13),
(84, 'G12, G18, G19', 9),
(85, 'G02, G09, G10, G11', 4),
(86, 'G12, G16, G17, G18', 8),
(87, 'G01, G02, G03, G04', 1),
(88, 'G02, G15', 7),
(89, 'G08, G16, G17, G20', 8),
(90, 'G02, G20, G22', 11),
(91, 'G15', 7),
(92, 'G12, G18, G19', 9),
(93, 'G02, G11, G22', 11),
(94, 'G20, G21, G23', 10),
(95, 'G12, G18, G19', 9),
(96, 'G02, G12', 5),
(97, 'G02, G08, G10, G11', 4),
(98, 'G04, G05, G06', 2),
(99, 'G11, G16, G17, G18', 8),
(100, 'G11, G12, G18, G19', 9),
(101, 'G12, G18, G24', 13),
(102, 'G11, G15', 7),
(103, 'G02, G12, G18', 9),
(104, 'G02, G20, G22', 11),
(105, 'G08, G09, G16, G17, G18', 8),
(106, 'G01, G02, G04', 1),
(107, 'G02, G13, G14', 6),
(108, 'G04, G05, G11', 2),
(109, 'G02, G13, G14', 6),
(110, 'G04, G05, G06, G20', 2),
(111, 'G01, G02, G04', 1),
(112, 'G12, G16, G17, G18', 8),
(113, 'G09, G16, G17, G18', 8),
(114, 'G22, G23', 11),
(115, 'G08, G16, G17, G20', 8),
(116, 'G16, G17, G20', 8),
(117, 'G11, G15', 7),
(118, 'G02, G12, G18', 9),
(119, 'G09, G16, G17, G18', 8),
(120, 'G04, G05, G06, G20', 2),
(121, 'G02, G12, G18', 9),
(122, 'G08, G09, G16, G17, G18', 8),
(123, 'G12, G24', 13),
(124, 'G12, G24', 13),
(125, 'G12, G16, G17, G18', 8),
(126, 'G02, G13, G14', 6),
(127, 'G12, G18, G19', 9),
(128, 'G12, G18, G19', 9),
(129, 'G04, G05, G11', 2),
(130, 'G04, G05, G11', 2),
(131, 'G11, G15', 7),
(132, 'G04, G05, G11', 2),
(133, 'G02, G12, G18', 9),
(134, 'G08, G09, G16, G17, G18', 8),
(135, 'G04, G05, G06, G20', 2),
(136, 'G02, G12, G13', 5),
(137, 'G02, G20, G22', 11),
(138, 'G12, G18, G24', 13),
(139, 'G02, G12, G18', 9),
(140, 'G12, G16, G17, G18', 8),
(141, 'G01, G02, G04', 1),
(142, 'G12, G18, G19', 9),
(143, 'G02, G20, G22', 11),
(144, 'G22, G23', 11),
(145, 'G02, G12, G18', 9),
(146, 'G02, G20, G22', 11),
(147, 'G12, G24', 13),
(148, 'G04, G05, G06', 2),
(149, 'G09, G16, G17, G18', 8),
(150, 'G11, G15', 7),
(151, 'G04, G05, G06, G20', 2),
(152, 'G11, G15', 7),
(153, 'G04, G05, G11', 2),
(154, 'G08, G09, G16, G17, G18', 8),
(155, 'G08, G16, G17, G20', 8),
(156, 'G16, G17, G20', 8),
(157, 'G02, G12, G13', 5),
(158, 'G01, G02, G03, G04', 1),
(159, 'G11, G15', 7),
(160, 'G22, G23', 11),
(161, 'G02, G20, G21', 10),
(162, 'G09, G16, G17, G18', 8),
(163, 'G02, G12, G18', 9),
(164, 'G12, G16, G17, G18', 8),
(165, 'G12, G16, G17, G18', 8),
(166, 'G02, G12, G13', 5),
(167, 'G11, G15', 7),
(168, 'G01, G02, G04', 1),
(169, 'G12, G18, G19', 9),
(170, 'G12, G18, G19', 9),
(171, 'G12, G16, G17, G18', 8),
(172, 'G12, G18, G19', 9),
(173, 'G12, G18, G24', 13),
(174, 'G12, G24', 13),
(175, 'G11, G15', 7),
(176, 'G04, G05, G11', 2),
(177, 'G02, G20, G21', 10),
(178, 'G12, G24', 13),
(179, 'G01, G02, G07, G23', 3),
(180, 'G01, G02, G07', 3),
(181, 'G02, G20, G21', 10),
(182, 'G04, G05, G11', 2),
(183, 'G02, G20, G21', 10),
(184, 'G01, G02, G07, G23', 3),
(185, 'G01, G02, G07', 3),
(186, 'G12, G18, G24', 13),
(187, 'G02, G12, G18', 9),
(188, 'G11, G15', 7),
(189, 'G02, G20, G21', 10),
(190, 'G04, G05, G11', 2),
(191, 'G12, G18, G19', 9),
(192, 'G12, G18, G19', 9),
(193, 'G02, G12, G13', 5),
(194, 'G04, G05, G11', 2),
(195, 'G02, G20, G21', 10),
(196, 'G01, G02, G03', 1),
(197, 'G01, G02, G04', 1),
(198, 'G01, G02, G04', 1),
(199, 'G11, G15', 7),
(200, 'G01, G02, G03, G04', 1),
(201, 'G01, G02, G03, G04', 1),
(202, 'G02, G20, G21', 10),
(203, 'G09, G16, G17, G18', 8),
(204, 'G08, G16, G17, G20', 8),
(205, 'G16, G17, G20', 8),
(206, 'G11, G15', 7),
(207, 'G12, G24', 13),
(208, 'G09, G16, G17, G18', 8),
(209, 'G12, G16, G17, G18', 8),
(210, 'G12, G18, G24', 13),
(211, 'G12, G24', 13),
(212, 'G12, G18, G24', 13),
(213, 'G02, G12, G13', 5),
(214, 'G02, G12', 5),
(215, 'G22, G23', 11),
(216, 'G02, G20, G21', 10),
(217, 'G02, G12, G13', 5),
(218, 'G11, G15', 7),
(219, 'G02, G20, G21', 10),
(220, 'G22, G23', 11),
(221, 'G12, G18, G19', 9),
(222, 'G12, G18, G19', 9),
(223, 'G11, G15', 7),
(224, 'G02, G12, G13', 5),
(225, 'G01, G02, G07, G23', 3),
(226, 'G01, G02, G07', 3),
(227, 'G01, G02, G07, G23', 3),
(228, 'G01, G02, G04', 1),
(229, 'G02, G20, G21', 10),
(230, 'G11, G15', 7),
(231, 'G12, G18, G24', 13),
(232, 'G02, G13, G14', 6),
(233, 'G01, G02, G07', 3),
(234, 'G01, G02, G03', 1),
(235, 'G02, G12, G18', 9),
(236, 'G02, G13, G14', 6),
(237, 'G12, G24', 13),
(238, 'G02, G13, G14', 6),
(239, 'G12, G18, G19', 9),
(240, 'G12, G18, G19', 9),
(241, 'G11, G15', 7),
(242, 'G01, G02, G04', 1),
(243, 'G02, G20, G21', 10),
(244, 'G01, G02, G03, G04', 1),
(245, 'G09, G16, G17, G18', 8),
(246, 'G22, G23', 11),
(247, 'G02, G12, G13', 5),
(248, 'G11, G15', 7),
(249, 'G12, G18, G24', 13),
(250, 'G04, G05, G11', 2),
(251, 'G02, G20, G21', 10),
(252, 'G08, G16, G17, G20', 8),
(253, 'G16, G17, G20', 8),
(254, 'G01, G02, G03, G04', 1),
(255, 'G02, G13, G14', 6),
(256, 'G04, G05, G11', 2),
(257, 'G12, G18, G19', 9),
(258, 'G12, G18, G19', 9),
(259, 'G11, G15', 7),
(260, 'G22, G23', 11),
(261, 'G01, G02, G04', 1),
(262, 'G02, G12, G18', 9),
(263, 'G02, G20, G21', 10),
(264, 'G09, G16, G17, G18', 8),
(265, 'G11, G15', 7),
(266, 'G02, G20, G21', 10),
(267, 'G12, G18, G24', 13),
(268, 'G12, G16, G17, G18', 8),
(269, 'G02, G22', 11),
(270, 'G22, G23', 11),
(271, 'G02, G11, G22', 11),
(272, 'G12, G18, G19', 9),
(273, 'G12, G18, G19', 9),
(274, 'G12, G18, G24', 13),
(275, 'G12, G18, G19', 9),
(276, 'G12, G18, G19', 9),
(277, 'G02, G12, G13', 5),
(278, 'G02, G12, G18', 9),
(279, 'G02, G13, G14', 6),
(280, 'G11, G15', 7),
(281, 'G02, G20, G21', 10),
(282, 'G02, G20, G21', 10),
(283, 'G12, G24', 13),
(284, 'G16, G17, G18', 8),
(285, 'G12, G18, G24', 13),
(286, 'G08, G16, G17, G20', 8),
(287, 'G12, G16, G17, G18', 8),
(288, 'G01, G02, G07, G23', 3),
(289, 'G12, G24', 13),
(290, 'G01, G02, G07', 3),
(291, 'G01, G02, G07, G23', 3),
(292, 'G01, G02, G04', 1),
(293, 'G12, G18, G19', 9),
(294, 'G12, G18, G19', 9),
(295, 'G22, G23', 11),
(296, 'G02, G12, G18', 9),
(297, 'G22, G23', 11),
(298, 'G11, G15', 7),
(299, 'G01, G02, G03, G04', 1),
(300, 'G02, G13, G14', 6),
(301, 'G02, G20, G21', 10),
(302, 'G02, G20, G21', 10),
(303, 'G12, G18, G24', 13),
(304, 'G02, G12, G13', 5),
(305, 'G01, G02, G07', 3),
(306, 'G01, G02, G03', 1),
(307, 'G01, G02, G04', 1),
(308, 'G01, G02, G03, G04', 1),
(309, 'G11, G15', 7),
(310, 'G09, G16, G17, G18', 8),
(311, 'G08, G16, G17, G20', 8),
(312, 'G02, G12, G18', 9),
(313, 'G12, G24', 13),
(314, 'G02, G13, G14', 6),
(315, 'G02, G20, G22', 11),
(316, 'G02, G13, G14', 6),
(317, 'G02, G20, G21', 10),
(318, 'G12, G18, G19', 9),
(319, 'G12, G18, G19', 9),
(320, 'G01, G02, G03', 1),
(321, 'G12, G18, G24', 13),
(322, 'G16, G17, G20', 8),
(323, 'G02, G12, G18', 9),
(324, 'G09, G16, G17, G18', 8),
(325, 'G12, G16, G17, G18', 8),
(326, 'G02, G20, G22', 11),
(327, 'G11, G15', 7),
(328, 'G02, G13, G14', 6),
(329, 'G01, G02, G03, G04', 1),
(330, 'G16, G17, G18', 8),
(331, 'G02, G20, G22', 11),
(332, 'G08, G16, G17, G20', 8),
(333, 'G02, G13, G14', 6),
(334, 'G12, G18, G24', 13),
(335, 'G22, G23', 11),
(336, 'G12, G16, G17, G18', 8),
(337, 'G02, G12, G13', 5),
(338, 'G02, G12, G18', 9),
(339, 'G11, G15', 7),
(340, 'G01, G02, G07, G23', 3),
(341, 'G04, G05, G11', 2),
(342, 'G01, G02, G07', 3),
(343, 'G12, G24', 13),
(344, 'G01, G02, G07, G23', 3),
(345, 'G01, G02, G07', 3),
(346, 'G04, G05, G11', 2),
(347, 'G11, G15', 7),
(348, 'G01, G02, G03', 1),
(349, 'G12, G18, G24', 13),
(350, 'G01, G02, G03', 1),
(351, 'G01, G02, G04', 1),
(352, 'G01, G02, G03, G04', 1),
(353, 'G02, G12, G18', 9),
(354, 'G02, G20, G22', 11),
(355, 'G22, G23', 11),
(356, 'G12, G24', 13),
(357, 'G01, G02, G03', 1),
(358, 'G02, G13, G14', 6),
(359, 'G01, G02, G04', 1),
(360, 'G01, G02, G03, G04', 1),
(361, 'G12, G18, G24', 13),
(362, 'G20, G21, G23', 10),
(363, 'G02, G20, G21, G23', 10),
(364, 'G21, G23', 10),
(365, 'G11, G15', 7),
(366, 'G02, G20, G21', 10),
(367, 'G20, G21', 10),
(368, 'G02, G20, G21, G23', 10),
(369, 'G22, G23', 11),
(370, 'G02, G12, G13', 5),
(371, 'G12, G18, G24', 13),
(372, 'G02, G20, G21, G23', 10),
(373, 'G02, G20, G21, G23', 10),
(374, 'G02, G20, G21', 10),
(375, 'G02, G20, G22', 11),
(376, 'G22, G23', 11),
(377, 'G01, G02, G03', 1),
(378, 'G20, G21, G23', 10),
(379, 'G01, G02, G07', 3),
(380, 'G02, G12, G18', 9),
(381, 'G01, G02, G07, G23', 3),
(382, 'G02, G13, G14', 6),
(383, 'G11, G15', 7),
(384, 'G08, G09, G16, G17, G18', 8),
(385, 'G02, G13, G14', 6),
(386, 'G12, G24', 13),
(387, 'G01, G02, G07', 3),
(388, 'G02, G20, G21', 10),
(389, 'G02, G20, G22', 11),
(390, 'G02, G20, G21', 10),
(391, 'G02, G20, G22', 11),
(392, 'G12, G18', 9),
(393, 'G01, G02, G03', 1),
(394, 'G12, G16, G17, G18', 8),
(395, 'G01, G02, G04', 1),
(396, 'G12, G18', 9),
(397, 'G08, G09, G10, G11', 4),
(398, 'G12, G18, G24', 13),
(399, 'G02, G12, G18', 9),
(400, 'G12, G16, G17, G18', 8),
(401, 'G11, G15', 7),
(402, 'G22, G23', 11),
(403, 'G02, G12, G13', 5),
(404, 'G22, G23', 11),
(405, 'G02, G20, G21', 10),
(406, 'G02, G20, G22', 11),
(407, 'G01, G02, G03', 1),
(408, 'G12, G18', 9),
(409, 'G12, G16, G17, G18', 8),
(410, 'G01, G02, G03, G04', 1),
(411, 'G02, G12, G18', 9),
(412, 'G02, G13, G14', 6),
(413, 'G12, G18, G19', 9),
(414, 'G08, G09, G10, G11', 4),
(415, 'G02, G13, G14', 6),
(416, 'G12, G18, G19', 9),
(417, 'G02, G12, G18', 9),
(418, 'G12, G16, G17, G18', 8),
(419, 'G12, G18', 9),
(420, 'G12, G18, G19', 9),
(421, 'G11, G15', 7),
(422, 'G02, G20, G22', 11),
(423, 'G12, G18', 9),
(424, 'G02, G13, G14', 6),
(425, 'G08, G09, G10, G11', 4),
(426, 'G12, G24', 13),
(427, 'G12, G16, G17, G18', 8),
(428, 'G12, G16, G17, G18', 8),
(429, 'G12, G18', 9),
(430, 'G02, G20, G21', 10),
(431, 'G22, G23', 11),
(432, 'G22, G23', 11),
(433, 'G12, G18, G19', 9),
(434, 'G01, G02, G03, G04', 1),
(435, 'G02, G12, G18', 9),
(436, 'G12, G18, G24', 13),
(437, 'G08, G09, G10, G11', 4),
(438, 'G02, G13, G14', 6),
(439, 'G12, G18, G19', 9),
(440, 'G01, G02, G03', 1),
(441, 'G08, G09, G16, G17, G18', 8),
(442, 'G08, G09, G16, G17, G18', 8),
(443, 'G02, G20, G22', 11),
(444, 'G12, G18', 9),
(445, 'G12, G16, G17, G18', 8),
(446, 'G02, G20, G21', 10),
(447, 'G12, G18, G19', 9),
(448, 'G22, G23', 11),
(449, 'G12, G18, G19', 9),
(450, 'G12, G18, G19', 9),
(451, 'G02, G12, G13', 5),
(452, 'G12, G18, G24', 13),
(453, 'G02, G20, G22', 11),
(454, 'G12, G18', 9),
(455, 'G02, G13, G14', 6),
(456, 'G08, G09, G10, G11', 4),
(457, 'G04, G05, G11', 2),
(458, 'G12, G16, G17, G18', 8),
(459, 'G02, G20, G22', 11),
(460, 'G08, G09, G16, G17, G18', 8),
(461, 'G01, G02, G03, G04', 1),
(462, 'G12, G16, G17, G18', 8),
(463, 'G02, G20, G21', 10),
(464, 'G12, G18, G24', 13),
(465, 'G22, G23', 11),
(466, 'G12, G18', 9),
(467, 'G02, G20, G22', 11),
(468, 'G02, G12, G18', 9),
(469, 'G02, G11, G22', 11),
(470, 'G08, G09, G10, G11', 4),
(471, 'G04, G05, G11', 2),
(472, 'G15', 7),
(473, 'G01, G02, G03', 1),
(474, 'G02, G20, G22', 11),
(475, 'G12, G18, G19', 9),
(476, 'G12, G16, G17, G18', 8),
(477, 'G11, G12, G18, G19', 9),
(478, 'G01, G02, G07', 3),
(479, 'G12, G18, G24', 13),
(480, 'G02, G20, G21', 10),
(481, 'G15', 7),
(482, 'G08, G09, G10, G11', 4),
(483, 'G02, G20, G22', 11),
(484, 'G12, G18', 9),
(485, 'G22, G23', 11),
(486, 'G02, G12, G18', 9),
(487, 'G12, G24', 13),
(488, 'G09, G16, G17, G18', 8),
(489, 'G02, G13, G14', 6),
(490, 'G02, G13, G14', 6),
(491, 'G15', 7),
(492, 'G02, G11, G22', 11),
(493, 'G01, G02, G03, G04', 1),
(494, 'G12, G16, G17, G18', 8),
(495, 'G01, G02, G07, G23', 3),
(496, 'G12, G18, G24', 13),
(497, 'G02, G12, G13', 5),
(498, 'G02, G20, G21', 10),
(499, 'G12, G18', 9),
(500, 'G01, G02, G07', 3),
(501, 'G02, G20, G22', 11),
(502, 'G02, G12, G18', 9),
(503, 'G01, G02, G03', 1),
(504, 'G01, G02, G03', 1),
(505, 'G02, G11, G22', 11),
(506, 'G09, G16, G17, G18', 8),
(507, 'G01, G02, G04', 1),
(508, 'G15', 7),
(509, 'G01, G02, G03, G04', 1),
(510, 'G02, G20, G22', 11),
(511, 'G12, G18, G24', 13),
(512, 'G08, G09, G10, G11', 4),
(513, 'G02, G12, G13', 5),
(514, 'G02, G20, G21', 10),
(515, 'G12, G18', 9),
(516, 'G02, G12', 5),
(517, 'G20, G21, G23', 10),
(518, 'G02, G20, G21, G23', 10),
(519, 'G02, G12, G18', 9),
(520, 'G12, G24', 13),
(521, 'G02, G11, G22', 11),
(522, 'G09, G16, G17, G18', 8),
(523, 'G02, G20, G22', 11),
(524, 'G01, G02, G03, G04', 1),
(525, 'G08, G09, G10, G11', 4),
(526, 'G12, G18, G24', 13),
(527, 'G02, G11, G22', 11),
(528, 'G02, G20, G22', 11),
(529, 'G02, G12, G13', 5),
(530, 'G09, G16, G17, G18', 8),
(531, 'G15', 7),
(532, 'G08, G09, G10, G11', 4),
(533, 'G12, G18', 9),
(534, 'G08,G09, G20', 4),
(535, 'G15', 7),
(536, 'G01, G02, G03, G04', 1),
(537, 'G09, G16, G17, G18', 8),
(538, 'G02, G11, G22', 11),
(539, 'G12, G24', 13),
(540, 'G08, G09, G10, G11', 4),
(541, 'G12, G18, G24', 13),
(542, 'G21, G23', 10),
(543, 'G02, G20, G22', 11),
(544, 'G02, G20, G22', 11),
(545, 'G01, G02, G03', 1),
(546, 'G15', 7),
(547, 'G04, G05, G06', 2),
(548, 'G08,G09, G20', 4),
(549, 'G12, G24', 13),
(550, 'G02, G20, G21', 10),
(551, 'G04, G05, G06', 2),
(552, 'G02, G12, G18', 9),
(553, 'G20, G21', 10),
(554, 'G12, G18, G24', 13),
(555, 'G08, G09, G10, G11', 4),
(556, 'G12, G18', 9),
(557, 'G02, G11, G22', 11),
(558, 'G02, G11, G22', 11),
(559, 'G12, G24', 13),
(560, 'G08, G09, G10, G11', 4),
(561, 'G15', 7),
(562, 'G04, G05, G06', 2),
(563, 'G01, G02, G03, G04', 1),
(564, 'G08,G09, G20', 4),
(565, 'G08, G09, G10, G11', 4),
(566, 'G08,G09, G20', 4),
(567, 'G02, G20, G21, G23', 10),
(568, 'G02, G11, G22', 11),
(569, 'G02, G20, G21, G23', 10),
(570, 'G02, G20, G21, G23', 10),
(571, 'G20, G21, G23', 10),
(572, 'G12, G18', 9),
(573, 'G02, G11, G22', 11),
(574, 'G02, G20, G22', 11),
(575, 'G01, G02, G03', 1),
(576, 'G08,G09, G20', 4),
(577, 'G12, G24', 13),
(578, 'G15', 7),
(579, 'G08,G09, G20', 4),
(580, 'G01, G02, G07, G23', 3),
(581, 'G12, G18, G24', 13),
(582, 'G01, G02, G07', 3),
(583, 'G01, G02, G07, G23', 3),
(584, 'G01, G02, G07', 3),
(585, 'G12, G24', 13),
(586, 'G02, G12, G18', 9),
(587, 'G01, G02, G03, G04', 1),
(588, 'G08, G09, G10, G11', 4),
(589, 'G08, G09, G10, G11', 4),
(590, 'G12, G18', 9),
(591, 'G08, G16, G17, G20', 8),
(592, 'G12, G24', 13),
(593, 'G08, G17, G18', 8),
(594, 'G09, G16, G17, G18', 8),
(595, 'G15', 7),
(596, 'G12, G18, G24', 13),
(597, 'G13,G14', 6),
(598, 'G08,G09, G20', 4),
(599, 'G01, G02, G03, G04', 1),
(600, 'G02, G12, G13', 5),
(601, 'G08, G09, G10, G11', 4),
(602, 'G04, G05, G11', 2),
(603, 'G04, G05, G06', 2),
(604, 'G02, G20, G22', 11),
(605, 'G02, G12', 5),
(606, 'G12, G24', 13),
(607, 'G12, G16, G17, G18', 8),
(608, 'G04, G05, G06', 2),
(609, 'G04, G05, G06, G20', 2),
(610, 'G02, G12, G13', 5),
(611, 'G13,G14', 6),
(612, 'G15', 7),
(613, 'G08,G09, G20', 4),
(614, 'G12, G18, G24', 13),
(615, 'G08,G09, G20', 4),
(616, 'G02, G12, G18', 9),
(617, 'G08, G09, G10, G11', 4),
(618, 'G12, G18', 9),
(619, 'G04, G05, G06', 2),
(620, 'G01, G02, G03', 1),
(621, 'G12, G24', 13),
(622, 'G02, G13, G14', 6),
(623, 'G13,G14', 6),
(624, 'G04, G05, G06, G20', 2),
(625, 'G02, G13, G14', 6),
(626, 'G12, G18', 9),
(627, 'G12, G24', 13),
(628, 'G08,G09, G20', 4),
(629, 'G12, G16, G17, G18', 8),
(630, 'G08,G09, G20', 4),
(631, 'G02, G20, G22', 11),
(632, 'G12, G18, G24', 13),
(633, 'G08, G09, G10, G11', 4),
(634, 'G02, G12, G18', 9),
(635, 'G04, G05, G06', 2),
(636, 'G04, G05, G06, G20', 2),
(637, 'G02, G13, G14', 6),
(638, 'G13,G14', 6),
(639, 'G12, G18', 9),
(640, 'G02, G13, G14', 6),
(641, 'G12, G24', 13),
(642, 'G09, G16, G17, G18', 8),
(643, 'G12, G16, G17, G18', 8),
(644, 'G08, G16, G17, G20', 8),
(645, 'G11, G16, G17, G18', 8),
(646, 'G02, G12, G13', 5),
(647, 'G12, G18, G24', 13),
(648, 'G08, G09, G10, G11', 4),
(649, 'G08,G09, G20', 4),
(650, 'G02, G20, G22', 11),
(651, 'G04, G05, G06, G20', 2),
(652, 'G08,G09, G20', 4),
(653, 'G01, G02, G03', 1),
(654, 'G13,G14', 6),
(655, 'G01, G02, G07', 3),
(656, 'G04, G05, G11', 2),
(657, 'G04, G05, G06', 2),
(658, 'G04, G05, G06', 2),
(659, 'G12, G24', 13),
(660, 'G02, G12, G18', 9),
(661, 'G12, G16, G17, G18', 8),
(662, 'G12, G18, G19', 9),
(663, 'G08, G09, G10, G11', 4),
(664, 'G12, G18', 9),
(665, 'G12, G18, G24', 13),
(666, 'G11, G12, G18, G19', 9),
(667, 'G02, G12, G18', 9),
(668, 'G08,G09, G20', 4),
(669, 'G04, G05, G06, G20', 2),
(670, 'G12, G18', 9),
(671, 'G13,G14', 6),
(672, 'G12, G16, G17, G18', 8),
(673, 'G04, G05, G06, G20', 2),
(674, 'G01, G02, G07, G23', 3),
(675, 'G12, G24', 13),
(676, 'G01, G02, G07', 3),
(677, 'G08, G09, G10, G11', 4),
(678, 'G12, G24', 13),
(679, 'G02, G12, G13', 5),
(680, 'G12, G18, G24', 13),
(681, 'G08,G09, G20', 4),
(682, 'G01, G02, G07, G23', 3),
(683, 'G01, G02, G03', 1),
(684, 'G02, G20, G22', 11),
(685, 'G12, G16, G17, G18', 8),
(686, 'G08,G09, G20', 4),
(687, 'G12, G18', 9),
(688, 'G01, G02, G07', 3),
(689, 'G09, G16, G17, G18', 8),
(690, 'G12, G16, G17, G18', 8),
(691, 'G08, G16, G17, G20', 8),
(692, 'G11, G16, G17, G18', 8),
(693, 'G01, G02, G07', 3),
(694, 'G12, G24', 13),
(695, 'G12, G18, G24', 13),
(696, 'G02, G12, G18', 9),
(697, 'G12, G16, G17, G18', 8),
(698, 'G08,G09, G20', 4),
(699, 'G04, G05, G06, G20', 2),
(700, 'G08, G16, G17, G20', 8),
(701, 'G08, G17, G18', 8),
(702, 'G22, G23', 11),
(703, 'G13,G14', 6),
(704, 'G09, G16, G17, G18', 8),
(705, 'G12, G18', 9),
(706, 'G01, G02, G07', 3),
(707, 'G12, G16, G17, G18', 8),
(708, 'G02, G12, G13', 5),
(709, 'G12, G18, G24', 13),
(710, 'G01, G02, G03, G04', 1),
(711, 'G08,G09, G20', 4),
(712, 'G02, G12', 5),
(713, 'G01, G02, G03', 1),
(714, 'G04, G05, G06', 2),
(715, 'G04, G05, G06, G20', 2),
(716, 'G04, G05, G11', 2),
(717, 'G02, G20, G22', 11),
(718, 'G04, G05, G06, G20', 2),
(719, 'G13,G14', 6),
(720, 'G12, G18', 9),
(721, 'G13,G14', 6),
(722, 'G12, G16, G17, G18', 8),
(723, 'G13,G14', 6),
(724, 'G12, G18, G24', 13),
(725, 'G01, G02, G07', 3),
(726, 'G04, G05, G06', 2),
(727, 'G04, G05, G06', 2),
(728, 'G04, G05, G06, G20', 2),
(729, 'G02, G12, G18', 9),
(730, 'G12, G18, G19', 9),
(731, 'G01, G02, G03, G04', 1),
(732, 'G12, G18', 9),
(733, 'G02, G12, G13', 5),
(734, 'G12, G16, G17, G18', 8),
(735, 'G02, G20, G22', 11),
(736, 'G12, G18, G24', 13),
(737, 'G11, G12, G18, G19', 9),
(738, 'G12, G18', 9),
(739, 'G01, G02, G07, G23', 3),
(740, 'G01, G02, G07', 3),
(741, 'G04, G05, G06, G20', 2),
(742, 'G01, G02, G07, G23', 3),
(743, 'G15', 7),
(744, 'G01, G02, G07', 3),
(745, 'G01, G02, G07', 3),
(746, 'G12, G16, G17, G18', 8),
(747, 'G02, G12, G13', 5),
(748, 'G02, G12', 5),
(749, 'G12, G24', 13),
(750, 'G08,G09, G20', 4),
(751, 'G02, G20, G22', 11),
(752, 'G04, G05, G11', 2),
(753, 'G12, G18', 9),
(754, 'G01, G02, G07, G23', 3),
(755, 'G15', 7),
(756, 'G04, G05, G11', 2),
(757, 'G01, G02, G07', 3),
(758, 'G12, G16, G17, G18', 8),
(759, 'G04, G05, G06, G20', 2),
(760, 'G01, G02, G07, G23', 3),
(761, 'G04, G05, G11', 2),
(762, 'G01, G02, G07', 3),
(763, 'G12, G18, G24', 13),
(764, 'G01, G02, G03, G04', 1),
(765, 'G22, G23', 11),
(766, 'G01, G02, G07', 3),
(767, 'G08,G09, G20', 4),
(768, 'G12, G18', 9),
(769, 'G02, G20, G22', 11),
(770, 'G08,G09, G20', 4),
(771, 'G12, G16, G17, G18', 8),
(772, 'G15', 7),
(773, 'G04, G05, G06', 2),
(774, 'G04, G05, G06, G20', 2),
(775, 'G04, G05, G06, G20', 2),
(776, 'G01, G02, G03', 1),
(777, 'G15', 7),
(778, 'G12, G18, G24', 13),
(779, 'G08,G09, G20', 4),
(780, 'G12, G18', 9),
(781, 'G04, G05, G11', 2),
(782, 'G04, G05, G06', 2),
(783, 'G04, G05, G06, G20', 2),
(784, 'G12, G16, G17, G18', 8),
(785, 'G04, G05, G06', 2),
(786, 'G08, G16, G17, G20', 8),
(787, 'G08, G17, G18', 8),
(788, 'G09, G16, G17, G18', 8),
(789, 'G02, G20, G22', 11),
(790, 'G12, G18, G24', 13),
(791, 'G02, G12, G13', 5),
(792, 'G15', 7),
(793, 'G01, G02, G07, G23', 3),
(794, 'G01, G02, G07', 3),
(795, 'G12, G18', 9),
(796, 'G01, G02, G07, G23', 3),
(797, 'G08,G09, G20', 4),
(798, 'G04, G05, G06, G20', 2),
(799, 'G12, G16, G17, G18', 8),
(800, 'G01, G02, G03, G04', 1),
(801, 'G02, G20, G22', 11),
(802, 'G01, G02, G07', 3),
(803, 'G02, G12, G13', 5),
(804, 'G15', 7),
(805, 'G12, G24', 13),
(806, 'G04, G05, G06, G20', 2),
(807, 'G15', 7),
(808, 'G12, G18, G24', 13),
(809, 'G01, G02, G03', 1),
(810, 'G02, G12', 5),
(811, 'G08,G09, G20', 4),
(812, 'G04, G05, G11', 2),
(813, 'G12, G18', 9),
(814, 'G08, G09, G10, G11', 4),
(815, 'G08, G09, G11', 4),
(816, 'G08,G09, G20', 4),
(817, 'G12, G24', 13),
(818, 'G08, G09, G10, G11, G16, G17', 4),
(819, 'G02, G08, G09, G10, G11', 4),
(820, 'G01, G02, G07', 3),
(821, 'G02, G12, G13', 5),
(822, 'G02, G20, G22', 11),
(823, 'G15', 7),
(824, 'G01, G02, G03, G04', 1),
(825, 'G04, G05, G06, G20', 2),
(826, 'G08, G09, G10, G11', 4),
(827, 'G08, G09, G10, G11', 4),
(828, 'G08, G09, G10, G11', 4),
(829, 'G02, G08, G09, G11', 4),
(830, 'G15', 7),
(831, 'G12, G18', 9),
(832, 'G12, G24', 13),
(833, 'G08,G09, G20', 4),
(834, 'G01, G02, G07', 3),
(835, 'G09, G16, G17, G18', 8),
(836, 'G12, G16, G17, G18', 8),
(837, 'G08, G16, G17, G20', 8),
(838, 'G11, G16, G17, G18', 8),
(839, 'G08, G09, G10, G11', 4),
(840, 'G02, G08, G09, G11', 4),
(841, 'G04, G05, G11', 2),
(842, 'G02, G20, G22', 11),
(843, 'G04, G05, G06, G20', 2),
(844, 'G12, G16, G17, G18', 8),
(845, 'G08,G09, G20', 4),
(846, 'G02, G20, G21', 10),
(847, 'G08,G09, G20', 4),
(848, 'G22, G23', 11),
(849, 'G04, G05, G11', 2),
(850, 'G12, G18', 9),
(851, 'G02, G09, G10, G11', 4),
(852, 'G01, G02, G07', 3),
(853, 'G02, G08, G10, G11', 4),
(854, 'G01, G02, G03', 1),
(855, 'G01, G02, G07', 3),
(856, 'G01, G02, G07, G23', 3),
(857, 'G02, G12, G13', 5),
(858, 'G04, G05, G06, G20', 2),
(859, 'G02, G15', 7),
(860, 'G02, G20, G21', 10),
(861, 'G02, G12', 5),
(862, 'G12, G18, G24', 13),
(863, 'G12, G13,G24', 6),
(864, 'G01, G02, G07', 3),
(865, 'G01, G02, G07', 3),
(866, 'G02, G12, G13', 5),
(867, 'G01, G02, G03', 1),
(868, 'G01, G02, G07', 3),
(869, 'G04, G05, G11', 2),
(870, 'G04, G05, G06, G20', 2),
(871, 'G12, G18', 9),
(872, 'G02, G20, G22', 11),
(873, 'G02, G12, G18', 9),
(874, 'G22, G23', 11),
(875, 'G08,G09, G20', 4),
(876, 'G02, G20, G21', 10),
(877, 'G02, G15', 7),
(878, 'G02, G20, G22', 11),
(879, 'G08,G09, G20', 4),
(880, 'G12, G18, G24', 13),
(881, 'G02, G11, G22', 11),
(882, 'G02, G20, G21', 10),
(883, 'G13, G14', 6),
(884, 'G04, G05, G06, G20', 2),
(885, 'G02, G12, G13, G14', 6),
(886, 'G01, G02, G07', 3),
(887, 'G08,G09, G20', 4),
(888, 'G04, G05, G11', 2),
(889, 'G08,G09, G20', 4),
(890, 'G12, G18', 9),
(891, 'G04, G05, G11', 2),
(892, 'G12, G18, G24', 13),
(893, 'G02, G20, G21', 10),
(894, 'G02, G12, G18', 9),
(895, 'G02, G15', 7),
(896, 'G02, G13, G14', 6),
(897, 'G02, G20, G21', 10),
(898, 'G09, G16, G17, G18', 8),
(899, 'G12, G16, G17, G18', 8),
(900, 'G08, G16, G17, G20', 8),
(901, 'G11, G16, G17, G18', 8),
(902, 'G01, G02, G03', 1),
(903, 'G02, G12, G13', 5),
(904, 'G01, G02, G07', 3),
(905, 'G02, G20, G21', 10),
(906, 'G02, G11, G22', 11),
(907, 'G12, G18, G24', 13),
(908, 'G12, G18', 9),
(909, 'G02, G20, G22', 11),
(910, 'G02, G15', 7),
(911, 'G02, G12, G18', 9),
(912, 'G02, G20, G21', 10),
(913, 'G04, G05, G06, G20', 2),
(914, 'G15', 7),
(915, 'G02, G20, G21', 10),
(916, 'G12, G24', 13),
(917, 'G02, G11, G22', 11),
(918, 'G08, G09, G10, G11', 4),
(919, 'G02, G11, G22', 11),
(920, 'G01, G02, G07', 3),
(921, 'G12, G18, G19', 9),
(922, 'G12, G18, G19', 9),
(923, 'G08, G09, G10, G11', 4),
(924, 'G02, G11, G22', 11),
(925, 'G22, G23', 11),
(926, 'G12, G24', 13),
(927, 'G12, G18', 9),
(928, 'G01, G02, G07', 3),
(929, 'G22, G23', 11),
(930, 'G01, G02, G07', 3),
(931, 'G02, G20, G21', 10),
(932, 'G02, G15', 7),
(933, 'G04, G05, G06, G20', 2),
(934, 'G01, G02, G03, G04', 1),
(935, 'G08, G09, G10, G11', 4),
(936, 'G15', 7),
(937, 'G02, G20, G22', 11),
(938, 'G13, G14, G24', 6),
(939, 'G08, G09, G10, G11', 4),
(940, 'G12, G18, G24', 13),
(941, 'G08, G09, G10, G11', 4),
(942, 'G04, G05, G11', 2),
(943, 'G13,G14', 6),
(944, 'G12, G18, G24', 13),
(945, 'G12, G18', 9),
(946, 'G15', 7),
(947, 'G02, G11, G22', 11),
(948, 'G22, G23', 11),
(949, 'G02, G20, G21', 10),
(950, 'G01, G02, G07', 3),
(951, 'G02, G12, G13', 5),
(952, 'G01, G02, G03', 1),
(953, 'G02, G15', 7),
(954, 'G08, G09, G10, G11', 4),
(955, 'G12, G18, G24', 13),
(956, 'G02, G20, G22', 11),
(957, 'G02, G13, G14', 6),
(958, 'G13,G14', 6),
(959, 'G04, G05, G06, G20', 2),
(960, 'G02, G11, G22', 11),
(961, 'G12, G18, G24', 13),
(962, 'G12, G18', 9),
(963, 'G02, G13, G14', 6),
(964, 'G02, G13, G14', 6),
(965, 'G22, G23', 11),
(966, 'G01, G02, G07', 3),
(967, 'G22, G23', 11),
(968, 'G12, G18, G24', 13),
(969, 'G02, G20, G21', 10),
(970, 'G12, G18, G24', 13),
(971, 'G02, G15', 7),
(972, 'G02, G20, G21', 10),
(973, 'G12, G18', 9),
(974, 'G08, G09, G10, G11', 4),
(975, 'G02, G11, G22', 11),
(976, 'G04, G05, G11', 2),
(977, 'G12, G24', 13),
(978, 'G08,G09, G20', 4),
(979, 'G02, G13, G14, G20, G23', 6),
(980, 'G01, G02, G03, G04', 1),
(981, 'G01, G02, G07', 3),
(982, 'G02, G13, G14', 6),
(983, 'G02, G12, G13', 5),
(984, 'G02, G12, G13', 5),
(985, 'G08, G09, G10, G11', 4),
(986, 'G12, G18, G24', 13),
(987, 'G22, G23', 11),
(988, 'G12, G18, G24', 13),
(989, 'G13,G14', 6),
(990, 'G13,G14', 6),
(991, 'G12, G18', 9),
(992, 'G01, G02, G03, G04', 1),
(993, 'G13,G14', 6),
(994, 'G22, G23', 11),
(995, 'G02, G15', 7),
(996, 'G01, G02, G07', 3),
(997, 'G12, G18, G24', 13),
(998, 'G12, G18', 9),
(999, 'G08,G09, G20', 4),
(1000, 'G02, G12', 5),
(1001, 'G04, G05, G11', 2),
(1002, 'G09, G16, G17, G18', 8),
(1003, 'G12, G16, G17, G18', 8),
(1004, 'G08, G16, G17, G20', 8),
(1005, 'G11, G16, G17, G18', 8),
(1006, 'G12, G24', 13),
(1007, 'G02, G12, G18', 9),
(1008, 'G01, G02, G03, G04', 1),
(1009, 'G08, G09, G10, G11', 4),
(1010, 'G08, G09, G10, G11', 4),
(1011, 'G12, G18', 9),
(1012, 'G02, G11, G22', 11),
(1013, 'G21, G20', 12),
(1014, 'G22, G08', 12),
(1015, 'G22, G02', 12),
(1016, 'G12, G23', 12);

-- --------------------------------------------------------

--
-- Table structure for table `data_uji`
--

CREATE TABLE `data_uji` (
  `id` int(11) NOT NULL,
  `gejala_id` char(100) NOT NULL,
  `problems_id` int(11) NOT NULL
) ENGINE=InnoDB DEFAULT CHARSET=utf8mb4;

--
-- Dumping data for table `data_uji`
--

INSERT INTO `data_uji` (`id`, `gejala_id`, `problems_id`) VALUES
(1, 'G01, G02, G03', 1),
(2, 'G01, G02, G04', 1),
(3, 'G02, G22', 11),
(4, 'G12, G13,G24', 6),
(5, 'G16, G17', 8),
(6, 'G11, G12, G17, G18, G19', 8),
(7, 'G08,G09, G20', 4),
(8, 'G22, G23', 11),
(9, 'G15, G17', 7),
(10, 'G04, G05, G06', 2),
(11, 'G08, G09, G10, G11', 4),
(12, 'G01, G02, G07, G23', 3),
(13, 'G20, G21, G23', 10),
(14, 'G16, G17, G18', 8),
(15, 'G01, G02, G07', 3),
(16, 'G08, G09, G16, G17, G18', 8),
(17, 'G13, G14', 6),
(18, 'G02, G14, G15', 7),
(19, 'G04, G05, G06, G20', 2),
(20, 'G02, G12, G18', 9),
(21, 'G12, G18, G19', 9),
(22, 'G08, G09, G11', 4),
(23, 'G09, G16, G17, G18', 8),
(24, 'G04, G05, G11', 2),
(25, 'G08, G16, G17, G20', 8),
(26, 'G02, G12, G13', 5),
(27, 'G11, G15', 7),
(28, 'G02, G20, G21, G23', 10),
(29, 'G02, G12, G13, G14', 6),
(30, 'G16, G17, G20', 8),
(31, 'G15', 7),
(32, 'G02, G13, G14', 6),
(33, 'G02, G11, G22', 11),
(34, 'G13, G14, G24', 6),
(35, 'G09, G16, G17, G18', 8),
(36, 'G21, G23', 10),
(37, 'G12, G18, G19', 9),
(38, 'G02, G13, G14', 6),
(39, 'G12, G18, G24', 13),
(40, 'G12, G16, G17, G18', 8),
(41, 'G12, G18', 9),
(42, 'G11, G16, G17, G18', 8),
(43, 'G08, G09, G10, G11, G16, G17', 4),
(44, 'G02, G08, G09, G10, G11', 4),
(45, 'G02, G20, G21', 10),
(46, 'G02, G15', 7),
(47, 'G01, G02, G07, G23', 3),
(48, 'G02, G20, G22', 11),
(49, 'G13,G14', 6),
(50, 'G20, G21', 10),
(51, 'G02, G13, G14', 6),
(52, 'G08, G09, G10, G11', 4),
(53, 'G12, G18, G19', 9),
(54, 'G16, G17, G18', 8),
(55, 'G08, G16, G17, G20', 8),
(56, 'G02, G20, G21, G23', 10),
(57, 'G12, G18, G19', 9),
(58, 'G08, G09, G10, G11', 4),
(59, 'G02, G13, G14', 6),
(60, 'G02, G13, G14, G20, G23', 6),
(61, 'G02, G20, G22', 11),
(62, 'G12, G16, G17, G18', 8),
(63, 'G08, G16, G17, G20', 8),
(64, 'G02, G22, G23', 11),
(65, 'G16, G17, G18', 8),
(66, 'G02, G13, G14', 6),
(67, 'G08, G09, G10, G11', 4),
(68, 'G02, G08, G09, G11', 4),
(69, 'G08, G16, G17, G20', 8),
(70, 'G02, G13, G14', 6),
(71, 'G12, G18, G19', 9),
(72, 'G02, G15', 7),
(73, 'G02, G22', 11),
(74, 'G08, G09, G10, G11', 4),
(75, 'G02, G20, G21, G23', 10),
(76, 'G08, G17, G18', 8),
(77, 'G12, G18, G19', 9),
(78, 'G02, G08, G09, G11', 4),
(79, 'G04, G05, G06', 2),
(80, 'G01, G02, G07', 3),
(81, 'G09, G16, G17, G18', 8),
(82, 'G02, G20, G21, G23', 10),
(83, 'G12, G24', 13),
(84, 'G12, G18, G19', 9),
(85, 'G02, G09, G10, G11', 4),
(86, 'G12, G16, G17, G18', 8),
(87, 'G01, G02, G03, G04', 1),
(88, 'G02, G15', 7),
(89, 'G08, G16, G17, G20', 8),
(90, 'G02, G20, G22', 11),
(91, 'G15', 7),
(92, 'G12, G18, G19', 9),
(93, 'G02, G11, G22', 11),
(94, 'G20, G21, G23', 10),
(95, 'G12, G18, G19', 9),
(96, 'G02, G12', 5),
(97, 'G02, G08, G10, G11', 4),
(98, 'G04, G05, G06', 2),
(99, 'G11, G16, G17, G18', 8),
(100, 'G11, G12, G18, G19', 9),
(101, 'G12, G18, G24', 13),
(102, 'G11, G15', 7),
(103, 'G02, G12, G18', 9),
(104, 'G02, G20, G22', 11),
(105, 'G08, G09, G16, G17, G18', 8),
(106, 'G01, G02, G04', 1),
(107, 'G02, G13, G14', 6),
(108, 'G04, G05, G11', 2),
(109, 'G02, G13, G14', 6),
(110, 'G04, G05, G06, G20', 2),
(111, 'G01, G02, G04', 1),
(112, 'G12, G16, G17, G18', 8),
(113, 'G09, G16, G17, G18', 8),
(114, 'G22, G23', 11),
(115, 'G08, G16, G17, G20', 8),
(116, 'G16, G17, G20', 8),
(117, 'G11, G15', 7),
(118, 'G02, G12, G18', 9),
(119, 'G09, G16, G17, G18', 8),
(120, 'G04, G05, G06, G20', 2),
(121, 'G02, G12, G18', 9),
(122, 'G08, G09, G16, G17, G18', 8),
(123, 'G12, G24', 13),
(124, 'G12, G24', 13),
(125, 'G12, G16, G17, G18', 8),
(126, 'G02, G13, G14', 6),
(127, 'G12, G18, G19', 9),
(128, 'G12, G18, G19', 9),
(129, 'G04, G05, G11', 2),
(130, 'G04, G05, G11', 2),
(131, 'G11, G15', 7),
(132, 'G04, G05, G11', 2),
(133, 'G02, G12, G18', 9),
(134, 'G08, G09, G16, G17, G18', 8),
(135, 'G04, G05, G06, G20', 2),
(136, 'G02, G12, G13', 5),
(137, 'G02, G20, G22', 11),
(138, 'G12, G18, G24', 13),
(139, 'G02, G12, G18', 9),
(140, 'G12, G16, G17, G18', 8),
(141, 'G01, G02, G04', 1),
(142, 'G12, G18, G19', 9),
(143, 'G02, G20, G22', 11),
(144, 'G22, G23', 11),
(145, 'G02, G12, G18', 9),
(146, 'G02, G20, G22', 11),
(147, 'G12, G24', 13),
(148, 'G04, G05, G06', 2),
(149, 'G09, G16, G17, G18', 8),
(150, 'G11, G15', 7),
(151, 'G04, G05, G06, G20', 2),
(152, 'G11, G15', 7),
(153, 'G04, G05, G11', 2),
(154, 'G08, G09, G16, G17, G18', 8),
(155, 'G08, G16, G17, G20', 8),
(156, 'G16, G17, G20', 8),
(157, 'G02, G12, G13', 5),
(158, 'G01, G02, G03, G04', 1),
(159, 'G11, G15', 7),
(160, 'G22, G23', 11),
(161, 'G02, G20, G21', 10),
(162, 'G09, G16, G17, G18', 8),
(163, 'G02, G12, G18', 9),
(164, 'G12, G16, G17, G18', 8),
(165, 'G12, G16, G17, G18', 8),
(166, 'G02, G12, G13', 5),
(167, 'G11, G15', 7),
(168, 'G01, G02, G04', 1),
(169, 'G12, G18, G19', 9),
(170, 'G12, G18, G19', 9),
(171, 'G12, G16, G17, G18', 8),
(172, 'G12, G18, G19', 9),
(173, 'G12, G18, G24', 13),
(174, 'G12, G24', 13),
(175, 'G11, G15', 7),
(176, 'G04, G05, G11', 2),
(177, 'G02, G20, G21', 10),
(178, 'G12, G24', 13),
(179, 'G01, G02, G07, G23', 3),
(180, 'G01, G02, G07', 3),
(181, 'G02, G20, G21', 10),
(182, 'G04, G05, G11', 2),
(183, 'G02, G20, G21', 10),
(184, 'G01, G02, G07, G23', 3),
(185, 'G01, G02, G07', 3),
(186, 'G12, G18, G24', 13),
(187, 'G02, G12, G18', 9),
(188, 'G11, G15', 7),
(189, 'G02, G20, G21', 10),
(190, 'G04, G05, G11', 2),
(191, 'G12, G18, G19', 9),
(192, 'G12, G18, G19', 9),
(193, 'G02, G12, G13', 5),
(194, 'G04, G05, G11', 2),
(195, 'G02, G20, G21', 10),
(196, 'G01, G02, G03', 1),
(197, 'G01, G02, G04', 1),
(198, 'G01, G02, G04', 1),
(199, 'G11, G15', 7),
(200, 'G01, G02, G03, G04', 1),
(201, 'G01, G02, G03, G04', 1),
(202, 'G02, G20, G21', 10),
(203, 'G09, G16, G17, G18', 8),
(204, 'G08, G16, G17, G20', 8),
(205, 'G16, G17, G20', 8),
(206, 'G11, G15', 7),
(207, 'G12, G24', 13),
(208, 'G09, G16, G17, G18', 8),
(209, 'G12, G16, G17, G18', 8),
(210, 'G12, G18, G24', 13),
(211, 'G12, G24', 13),
(212, 'G12, G18, G24', 13),
(213, 'G02, G12, G13', 5),
(214, 'G02, G12', 5),
(215, 'G22, G23', 11),
(216, 'G02, G20, G21', 10),
(217, 'G02, G12, G13', 5),
(218, 'G11, G15', 7),
(219, 'G02, G20, G21', 10),
(220, 'G22, G23', 11),
(221, 'G12, G18, G19', 9),
(222, 'G12, G18, G19', 9),
(223, 'G11, G15', 7),
(224, 'G02, G12, G13', 5),
(225, 'G01, G02, G07, G23', 3),
(226, 'G01, G02, G07', 3),
(227, 'G01, G02, G07, G23', 3),
(228, 'G01, G02, G04', 1),
(229, 'G02, G20, G21', 10),
(230, 'G11, G15', 7),
(231, 'G12, G18, G24', 13),
(232, 'G02, G13, G14', 6),
(233, 'G01, G02, G07', 3),
(234, 'G01, G02, G03', 1),
(235, 'G02, G12, G18', 9),
(236, 'G02, G13, G14', 6),
(237, 'G12, G24', 13),
(238, 'G02, G13, G14', 6),
(239, 'G12, G18, G19', 9),
(240, 'G12, G18, G19', 9),
(241, 'G11, G15', 7),
(242, 'G01, G02, G04', 1),
(243, 'G02, G20, G21', 10),
(244, 'G01, G02, G03, G04', 1),
(245, 'G09, G16, G17, G18', 8),
(246, 'G22, G23', 11),
(247, 'G02, G12, G13', 5),
(248, 'G11, G15', 7),
(249, 'G12, G18, G24', 13),
(250, 'G04, G05, G11', 2),
(251, 'G02, G20, G21', 10),
(252, 'G08, G16, G17, G20', 8),
(253, 'G16, G17, G20', 8),
(254, 'G01, G02, G03, G04', 1),
(255, 'G02, G13, G14', 6),
(256, 'G04, G05, G11', 2),
(257, 'G12, G18, G19', 9),
(258, 'G12, G18, G19', 9),
(259, 'G11, G15', 7),
(260, 'G22, G23', 11),
(261, 'G01, G02, G04', 1),
(262, 'G02, G12, G18', 9),
(263, 'G02, G20, G21', 10),
(264, 'G09, G16, G17, G18', 8),
(265, 'G11, G15', 7),
(266, 'G02, G20, G21', 10),
(267, 'G12, G18, G24', 13),
(268, 'G12, G16, G17, G18', 8),
(269, 'G02, G22', 11),
(270, 'G22, G23', 11),
(271, 'G02, G11, G22', 11),
(272, 'G12, G18, G19', 9),
(273, 'G12, G18, G19', 9),
(274, 'G12, G18, G24', 13),
(275, 'G12, G18, G19', 9),
(276, 'G12, G18, G19', 9),
(277, 'G02, G12, G13', 5),
(278, 'G02, G12, G18', 9),
(279, 'G02, G13, G14', 6),
(280, 'G11, G15', 7),
(281, 'G02, G20, G21', 10),
(282, 'G02, G20, G21', 10),
(283, 'G12, G24', 13),
(284, 'G16, G17, G18', 8),
(285, 'G12, G18, G24', 13),
(286, 'G08, G16, G17, G20', 8),
(287, 'G12, G16, G17, G18', 8),
(288, 'G01, G02, G07, G23', 3),
(289, 'G12, G24', 13),
(290, 'G01, G02, G07', 3),
(291, 'G01, G02, G07, G23', 3),
(292, 'G01, G02, G04', 1),
(293, 'G12, G18, G19', 9),
(294, 'G12, G18, G19', 9),
(295, 'G22, G23', 11),
(296, 'G02, G12, G18', 9),
(297, 'G22, G23', 11),
(298, 'G11, G15', 7),
(299, 'G01, G02, G03, G04', 1),
(300, 'G02, G13, G14', 6),
(301, 'G02, G20, G21', 10),
(302, 'G02, G20, G21', 10),
(303, 'G12, G18, G24', 13),
(304, 'G02, G12, G13', 5),
(305, 'G01, G02, G07', 3),
(306, 'G01, G02, G03', 1),
(307, 'G01, G02, G04', 1),
(308, 'G01, G02, G03, G04', 1),
(309, 'G11, G15', 7),
(310, 'G09, G16, G17, G18', 8),
(311, 'G08, G16, G17, G20', 8),
(312, 'G02, G12, G18', 9),
(313, 'G12, G24', 13),
(314, 'G02, G13, G14', 6),
(315, 'G02, G20, G22', 11),
(316, 'G02, G13, G14', 6),
(317, 'G02, G20, G21', 10),
(318, 'G12, G18, G19', 9),
(319, 'G12, G18, G19', 9),
(320, 'G01, G02, G03', 1),
(321, 'G12, G18, G24', 13),
(322, 'G16, G17, G20', 8),
(323, 'G02, G12, G18', 9),
(324, 'G09, G16, G17, G18', 8),
(325, 'G12, G16, G17, G18', 8),
(326, 'G02, G20, G22', 11),
(327, 'G11, G15', 7),
(328, 'G02, G13, G14', 6),
(329, 'G01, G02, G03, G04', 1),
(330, 'G16, G17, G18', 8),
(331, 'G02, G20, G22', 11),
(332, 'G08, G16, G17, G20', 8),
(333, 'G02, G13, G14', 6),
(334, 'G12, G18, G24', 13),
(335, 'G22, G23', 11),
(336, 'G12, G16, G17, G18', 8),
(337, 'G02, G12, G13', 5),
(338, 'G02, G12, G18', 9),
(339, 'G11, G15', 7),
(340, 'G01, G02, G07, G23', 3),
(341, 'G04, G05, G11', 2),
(342, 'G01, G02, G07', 3),
(343, 'G12, G24', 13),
(344, 'G01, G02, G07, G23', 3),
(345, 'G01, G02, G07', 3),
(346, 'G04, G05, G11', 2),
(347, 'G11, G15', 7),
(348, 'G01, G02, G03', 1),
(349, 'G12, G18, G24', 13),
(350, 'G01, G02, G03', 1),
(351, 'G01, G02, G04', 1),
(352, 'G01, G02, G03, G04', 1),
(353, 'G02, G12, G18', 9),
(354, 'G02, G20, G22', 11),
(355, 'G22, G23', 11),
(356, 'G12, G24', 13),
(357, 'G01, G02, G03', 1),
(358, 'G02, G13, G14', 6),
(359, 'G01, G02, G04', 1),
(360, 'G01, G02, G03, G04', 1),
(361, 'G12, G18, G24', 13),
(362, 'G20, G21, G23', 10),
(363, 'G02, G20, G21, G23', 10),
(364, 'G21, G23', 10),
(365, 'G11, G15', 7),
(366, 'G02, G20, G21', 10),
(367, 'G20, G21', 10),
(368, 'G02, G20, G21, G23', 10),
(369, 'G22, G23', 11),
(370, 'G02, G12, G13', 5),
(371, 'G12, G18, G24', 13),
(372, 'G02, G20, G21, G23', 10),
(373, 'G02, G20, G21, G23', 10),
(374, 'G02, G20, G21', 10),
(375, 'G02, G20, G22', 11),
(376, 'G22, G23', 11),
(377, 'G01, G02, G03', 1),
(378, 'G20, G21, G23', 10),
(379, 'G01, G02, G07', 3),
(380, 'G02, G12, G18', 9),
(381, 'G01, G02, G07, G23', 3),
(382, 'G02, G13, G14', 6),
(383, 'G11, G15', 7),
(384, 'G08, G09, G16, G17, G18', 8),
(385, 'G02, G13, G14', 6),
(386, 'G12, G24', 13),
(387, 'G01, G02, G07', 3),
(388, 'G02, G20, G21', 10),
(389, 'G02, G20, G22', 11),
(390, 'G02, G20, G21', 10),
(391, 'G02, G20, G22', 11),
(392, 'G12, G18', 9),
(393, 'G01, G02, G03', 1),
(394, 'G12, G16, G17, G18', 8),
(395, 'G01, G02, G04', 1),
(396, 'G12, G18', 9),
(397, 'G08, G09, G10, G11', 4),
(398, 'G12, G18, G24', 13),
(399, 'G02, G12, G18', 9),
(400, 'G12, G16, G17, G18', 8),
(401, 'G11, G15', 7),
(402, 'G22, G23', 11),
(403, 'G02, G12, G13', 5),
(404, 'G22, G23', 11),
(405, 'G02, G20, G21', 10),
(406, 'G02, G20, G22', 11),
(407, 'G01, G02, G03', 1),
(408, 'G12, G18', 9),
(409, 'G12, G16, G17, G18', 8),
(410, 'G01, G02, G03, G04', 1),
(411, 'G02, G12, G18', 9),
(412, 'G02, G13, G14', 6),
(413, 'G12, G18, G19', 9),
(414, 'G08, G09, G10, G11', 4),
(415, 'G02, G13, G14', 6),
(416, 'G12, G18, G19', 9),
(417, 'G02, G12, G18', 9),
(418, 'G12, G16, G17, G18', 8),
(419, 'G12, G18', 9),
(420, 'G12, G18, G19', 9),
(421, 'G11, G15', 7),
(422, 'G02, G20, G22', 11),
(423, 'G12, G18', 9),
(424, 'G02, G13, G14', 6),
(425, 'G08, G09, G10, G11', 4),
(426, 'G12, G24', 13),
(427, 'G12, G16, G17, G18', 8),
(428, 'G12, G16, G17, G18', 8),
(429, 'G12, G18', 9),
(430, 'G02, G20, G21', 10),
(431, 'G22, G23', 11),
(432, 'G22, G23', 11),
(433, 'G12, G18, G19', 9),
(434, 'G01, G02, G03, G04', 1),
(435, 'G02, G12, G18', 9),
(436, 'G12, G18, G24', 13),
(437, 'G08, G09, G10, G11', 4),
(438, 'G02, G13, G14', 6),
(439, 'G12, G18, G19', 9),
(440, 'G01, G02, G03', 1),
(441, 'G08, G09, G16, G17, G18', 8),
(442, 'G08, G09, G16, G17, G18', 8),
(443, 'G02, G20, G22', 11),
(444, 'G12, G18', 9),
(445, 'G12, G16, G17, G18', 8),
(446, 'G02, G20, G21', 10),
(447, 'G12, G18, G19', 9),
(448, 'G22, G23', 11),
(449, 'G12, G18, G19', 9),
(450, 'G12, G18, G19', 9),
(451, 'G02, G12, G13', 5),
(452, 'G12, G18, G24', 13),
(453, 'G02, G20, G22', 11),
(454, 'G12, G18', 9),
(455, 'G02, G13, G14', 6),
(456, 'G08, G09, G10, G11', 4),
(457, 'G04, G05, G11', 2),
(458, 'G12, G16, G17, G18', 8),
(459, 'G02, G20, G22', 11),
(460, 'G08, G09, G16, G17, G18', 8),
(461, 'G01, G02, G03, G04', 1),
(462, 'G12, G16, G17, G18', 8),
(463, 'G02, G20, G21', 10),
(464, 'G12, G18, G24', 13),
(465, 'G22, G23', 11),
(466, 'G12, G18', 9),
(467, 'G02, G20, G22', 11),
(468, 'G02, G12, G18', 9),
(469, 'G02, G11, G22', 11),
(470, 'G08, G09, G10, G11', 4),
(471, 'G04, G05, G11', 2),
(472, 'G15', 7),
(473, 'G01, G02, G03', 1),
(474, 'G02, G20, G22', 11),
(475, 'G12, G18, G19', 9),
(476, 'G12, G16, G17, G18', 8),
(477, 'G11, G12, G18, G19', 9),
(478, 'G01, G02, G07', 3),
(479, 'G12, G18, G24', 13),
(480, 'G02, G20, G21', 10),
(481, 'G15', 7),
(482, 'G08, G09, G10, G11', 4),
(483, 'G02, G20, G22', 11),
(484, 'G12, G18', 9),
(485, 'G22, G23', 11),
(486, 'G02, G12, G18', 9),
(487, 'G12, G24', 13),
(488, 'G09, G16, G17, G18', 8),
(489, 'G02, G13, G14', 6),
(490, 'G02, G13, G14', 6),
(491, 'G15', 7),
(492, 'G02, G11, G22', 11),
(493, 'G01, G02, G03, G04', 1),
(494, 'G12, G16, G17, G18', 8),
(495, 'G01, G02, G07, G23', 3),
(496, 'G12, G18, G24', 13),
(497, 'G02, G12, G13', 5),
(498, 'G02, G20, G21', 10),
(499, 'G12, G18', 9),
(500, 'G01, G02, G07', 3),
(501, 'G02, G20, G22', 11),
(502, 'G02, G12, G18', 9),
(503, 'G01, G02, G03', 1),
(504, 'G01, G02, G03', 1),
(505, 'G02, G11, G22', 11),
(506, 'G09, G16, G17, G18', 8),
(507, 'G01, G02, G04', 1),
(508, 'G15', 7),
(509, 'G01, G02, G03, G04', 1),
(510, 'G02, G20, G22', 11),
(511, 'G12, G18, G24', 13),
(512, 'G08, G09, G10, G11', 4),
(513, 'G02, G12, G13', 5),
(514, 'G02, G20, G21', 10),
(515, 'G12, G18', 9),
(516, 'G02, G12', 5),
(517, 'G20, G21, G23', 10),
(518, 'G02, G20, G21, G23', 10),
(519, 'G02, G12, G18', 9),
(520, 'G12, G24', 13),
(521, 'G02, G11, G22', 11),
(522, 'G09, G16, G17, G18', 8),
(523, 'G02, G20, G22', 11),
(524, 'G01, G02, G03, G04', 1),
(525, 'G08, G09, G10, G11', 4),
(526, 'G12, G18, G24', 13),
(527, 'G02, G11, G22', 11),
(528, 'G02, G20, G22', 11),
(529, 'G02, G12, G13', 5),
(530, 'G09, G16, G17, G18', 8),
(531, 'G15', 7),
(532, 'G08, G09, G10, G11', 4),
(533, 'G12, G18', 9),
(534, 'G08,G09, G20', 4),
(535, 'G15', 7),
(536, 'G01, G02, G03, G04', 1),
(537, 'G09, G16, G17, G18', 8),
(538, 'G02, G11, G22', 11),
(539, 'G12, G24', 13),
(540, 'G08, G09, G10, G11', 4),
(541, 'G12, G18, G24', 13),
(542, 'G21, G23', 10),
(543, 'G02, G20, G22', 11),
(544, 'G02, G20, G22', 11),
(545, 'G01, G02, G03', 1),
(546, 'G15', 7),
(547, 'G04, G05, G06', 2),
(548, 'G08,G09, G20', 4),
(549, 'G12, G24', 13),
(550, 'G02, G20, G21', 10),
(551, 'G04, G05, G06', 2),
(552, 'G02, G12, G18', 9),
(553, 'G20, G21', 10),
(554, 'G12, G18, G24', 13),
(555, 'G08, G09, G10, G11', 4),
(556, 'G12, G18', 9),
(557, 'G02, G11, G22', 11),
(558, 'G02, G11, G22', 11),
(559, 'G12, G24', 13),
(560, 'G08, G09, G10, G11', 4),
(561, 'G15', 7),
(562, 'G04, G05, G06', 2),
(563, 'G01, G02, G03, G04', 1),
(564, 'G08,G09, G20', 4),
(565, 'G08, G09, G10, G11', 4),
(566, 'G08,G09, G20', 4),
(567, 'G02, G20, G21, G23', 10),
(568, 'G02, G11, G22', 11),
(569, 'G02, G20, G21, G23', 10),
(570, 'G02, G20, G21, G23', 10),
(571, 'G20, G21, G23', 10),
(572, 'G12, G18', 9),
(573, 'G02, G11, G22', 11),
(574, 'G02, G20, G22', 11),
(575, 'G01, G02, G03', 1),
(576, 'G08,G09, G20', 4),
(577, 'G12, G24', 13),
(578, 'G15', 7),
(579, 'G08,G09, G20', 4),
(580, 'G01, G02, G07, G23', 3),
(581, 'G12, G18, G24', 13),
(582, 'G01, G02, G07', 3),
(583, 'G01, G02, G07, G23', 3),
(584, 'G01, G02, G07', 3),
(585, 'G12, G24', 13),
(586, 'G02, G12, G18', 9),
(587, 'G01, G02, G03, G04', 1),
(588, 'G08, G09, G10, G11', 4),
(589, 'G08, G09, G10, G11', 4),
(590, 'G12, G18', 9),
(591, 'G08, G16, G17, G20', 8),
(592, 'G12, G24', 13),
(593, 'G08, G17, G18', 8),
(594, 'G09, G16, G17, G18', 8),
(595, 'G15', 7),
(596, 'G12, G18, G24', 13),
(597, 'G13,G14', 6),
(598, 'G08,G09, G20', 4),
(599, 'G01, G02, G03, G04', 1),
(600, 'G02, G12, G13', 5),
(601, 'G08, G09, G10, G11', 4),
(602, 'G04, G05, G11', 2),
(603, 'G04, G05, G06', 2),
(604, 'G02, G20, G22', 11),
(605, 'G02, G12', 5),
(606, 'G12, G24', 13),
(607, 'G12, G16, G17, G18', 8),
(608, 'G04, G05, G06', 2),
(609, 'G04, G05, G06, G20', 2),
(610, 'G02, G12, G13', 5),
(611, 'G13,G14', 6),
(612, 'G15', 7),
(613, 'G08,G09, G20', 4),
(614, 'G12, G18, G24', 13),
(615, 'G08,G09, G20', 4),
(616, 'G02, G12, G18', 9),
(617, 'G08, G09, G10, G11', 4),
(618, 'G12, G18', 9),
(619, 'G04, G05, G06', 2),
(620, 'G01, G02, G03', 1),
(621, 'G12, G24', 13),
(622, 'G02, G13, G14', 6),
(623, 'G13,G14', 6),
(624, 'G04, G05, G06, G20', 2),
(625, 'G02, G13, G14', 6),
(626, 'G12, G18', 9),
(627, 'G12, G24', 13),
(628, 'G08,G09, G20', 4),
(629, 'G12, G16, G17, G18', 8),
(630, 'G08,G09, G20', 4),
(631, 'G02, G20, G22', 11),
(632, 'G12, G18, G24', 13),
(633, 'G08, G09, G10, G11', 4),
(634, 'G02, G12, G18', 9),
(635, 'G04, G05, G06', 2),
(636, 'G04, G05, G06, G20', 2),
(637, 'G02, G13, G14', 6),
(638, 'G13,G14', 6),
(639, 'G12, G18', 9),
(640, 'G02, G13, G14', 6),
(641, 'G12, G24', 13),
(642, 'G09, G16, G17, G18', 8),
(643, 'G12, G16, G17, G18', 8),
(644, 'G08, G16, G17, G20', 8),
(645, 'G11, G16, G17, G18', 8),
(646, 'G02, G12, G13', 5),
(647, 'G12, G18, G24', 13),
(648, 'G08, G09, G10, G11', 4),
(649, 'G08,G09, G20', 4),
(650, 'G02, G20, G22', 11),
(651, 'G04, G05, G06, G20', 2),
(652, 'G08,G09, G20', 4),
(653, 'G01, G02, G03', 1),
(654, 'G13,G14', 6),
(655, 'G01, G02, G07', 3),
(656, 'G04, G05, G11', 2),
(657, 'G04, G05, G06', 2),
(658, 'G04, G05, G06', 2),
(659, 'G12, G24', 13),
(660, 'G02, G12, G18', 9),
(661, 'G12, G16, G17, G18', 8),
(662, 'G12, G18, G19', 9),
(663, 'G08, G09, G10, G11', 4),
(664, 'G12, G18', 9),
(665, 'G12, G18, G24', 13),
(666, 'G11, G12, G18, G19', 9),
(667, 'G02, G12, G18', 9),
(668, 'G08,G09, G20', 4),
(669, 'G04, G05, G06, G20', 2),
(670, 'G12, G18', 9),
(671, 'G13,G14', 6),
(672, 'G12, G16, G17, G18', 8),
(673, 'G04, G05, G06, G20', 2),
(674, 'G01, G02, G07, G23', 3),
(675, 'G12, G24', 13),
(676, 'G01, G02, G07', 3),
(677, 'G08, G09, G10, G11', 4),
(678, 'G12, G24', 13),
(679, 'G02, G12, G13', 5),
(680, 'G12, G18, G24', 13),
(681, 'G08,G09, G20', 4),
(682, 'G01, G02, G07, G23', 3),
(683, 'G01, G02, G03', 1),
(684, 'G02, G20, G22', 11),
(685, 'G12, G16, G17, G18', 8),
(686, 'G08,G09, G20', 4),
(687, 'G12, G18', 9),
(688, 'G01, G02, G07', 3),
(689, 'G09, G16, G17, G18', 8),
(690, 'G12, G16, G17, G18', 8),
(691, 'G08, G16, G17, G20', 8),
(692, 'G11, G16, G17, G18', 8),
(693, 'G01, G02, G07', 3),
(694, 'G12, G24', 13),
(695, 'G12, G18, G24', 13),
(696, 'G02, G12, G18', 9),
(697, 'G12, G16, G17, G18', 8),
(698, 'G08,G09, G20', 4),
(699, 'G04, G05, G06, G20', 2),
(700, 'G08, G16, G17, G20', 8),
(701, 'G08, G17, G18', 8),
(702, 'G22, G23', 11),
(703, 'G13,G14', 6),
(704, 'G09, G16, G17, G18', 8),
(705, 'G12, G18', 9),
(706, 'G01, G02, G07', 3),
(707, 'G12, G16, G17, G18', 8),
(708, 'G02, G12, G13', 5),
(709, 'G12, G18, G24', 13),
(710, 'G01, G02, G03, G04', 1),
(711, 'G08,G09, G20', 4),
(712, 'G02, G12', 5),
(713, 'G01, G02, G03', 1),
(714, 'G04, G05, G06', 2),
(715, 'G04, G05, G06, G20', 2),
(716, 'G04, G05, G11', 2),
(717, 'G02, G20, G22', 11),
(718, 'G04, G05, G06, G20', 2),
(719, 'G13,G14', 6),
(720, 'G12, G18', 9),
(721, 'G13,G14', 6),
(722, 'G12, G16, G17, G18', 8),
(723, 'G13,G14', 6),
(724, 'G12, G18, G24', 13),
(725, 'G01, G02, G07', 3),
(726, 'G04, G05, G06', 2),
(727, 'G04, G05, G06', 2),
(728, 'G04, G05, G06, G20', 2),
(729, 'G02, G12, G18', 9),
(730, 'G12, G18, G19', 9),
(731, 'G01, G02, G03, G04', 1),
(732, 'G12, G18', 9),
(733, 'G02, G12, G13', 5),
(734, 'G12, G16, G17, G18', 8),
(735, 'G02, G20, G22', 11),
(736, 'G12, G18, G24', 13),
(737, 'G11, G12, G18, G19', 9),
(738, 'G12, G18', 9),
(739, 'G01, G02, G07, G23', 3),
(740, 'G01, G02, G07', 3),
(741, 'G04, G05, G06, G20', 2),
(742, 'G01, G02, G07, G23', 3),
(743, 'G15', 7),
(744, 'G01, G02, G07', 3),
(745, 'G01, G02, G07', 3),
(746, 'G12, G16, G17, G18', 8),
(747, 'G02, G12, G13', 5),
(748, 'G02, G12', 5),
(749, 'G12, G24', 13),
(750, 'G08,G09, G20', 4),
(751, 'G02, G20, G22', 11),
(752, 'G04, G05, G11', 2),
(753, 'G12, G18', 9),
(754, 'G01, G02, G07, G23', 3),
(755, 'G15', 7),
(756, 'G04, G05, G11', 2),
(757, 'G01, G02, G07', 3),
(758, 'G12, G16, G17, G18', 8),
(759, 'G04, G05, G06, G20', 2),
(760, 'G01, G02, G07, G23', 3),
(761, 'G04, G05, G11', 2),
(762, 'G01, G02, G07', 3),
(763, 'G12, G18, G24', 13),
(764, 'G01, G02, G03, G04', 1),
(765, 'G22, G23', 11),
(766, 'G01, G02, G07', 3),
(767, 'G08,G09, G20', 4),
(768, 'G12, G18', 9),
(769, 'G02, G20, G22', 11),
(770, 'G08,G09, G20', 4),
(771, 'G12, G16, G17, G18', 8),
(772, 'G15', 7),
(773, 'G04, G05, G06', 2),
(774, 'G04, G05, G06, G20', 2),
(775, 'G04, G05, G06, G20', 2),
(776, 'G01, G02, G03', 1),
(777, 'G15', 7),
(778, 'G12, G18, G24', 13),
(779, 'G08,G09, G20', 4),
(780, 'G12, G18', 9),
(781, 'G04, G05, G11', 2),
(782, 'G04, G05, G06', 2),
(783, 'G04, G05, G06, G20', 2),
(784, 'G12, G16, G17, G18', 8),
(785, 'G04, G05, G06', 2),
(786, 'G08, G16, G17, G20', 8),
(787, 'G08, G17, G18', 8),
(788, 'G09, G16, G17, G18', 8),
(789, 'G02, G20, G22', 11),
(790, 'G12, G18, G24', 13),
(791, 'G02, G12, G13', 5),
(792, 'G15', 7),
(793, 'G01, G02, G07, G23', 3),
(794, 'G01, G02, G07', 3),
(795, 'G12, G18', 9),
(796, 'G01, G02, G07, G23', 3),
(797, 'G08,G09, G20', 4),
(798, 'G04, G05, G06, G20', 2),
(799, 'G12, G16, G17, G18', 8),
(800, 'G01, G02, G03, G04', 1),
(801, 'G02, G20, G22', 11),
(802, 'G01, G02, G07', 3),
(803, 'G02, G12, G13', 5),
(804, 'G15', 7),
(805, 'G12, G24', 13),
(806, 'G04, G05, G06, G20', 2),
(807, 'G15', 7),
(808, 'G12, G18, G24', 13),
(809, 'G01, G02, G03', 1),
(810, 'G02, G12', 5),
(811, 'G08,G09, G20', 4),
(812, 'G04, G05, G11', 2),
(813, 'G12, G18', 9),
(814, 'G08, G09, G10, G11', 4),
(815, 'G08, G09, G11', 4),
(816, 'G08,G09, G20', 4),
(817, 'G12, G24', 13),
(818, 'G08, G09, G10, G11, G16, G17', 4),
(819, 'G02, G08, G09, G10, G11', 4),
(820, 'G01, G02, G07', 3),
(821, 'G02, G12, G13', 5),
(822, 'G02, G20, G22', 11),
(823, 'G15', 7),
(824, 'G01, G02, G03, G04', 1),
(825, 'G04, G05, G06, G20', 2),
(826, 'G08, G09, G10, G11', 4),
(827, 'G08, G09, G10, G11', 4),
(828, 'G08, G09, G10, G11', 4),
(829, 'G02, G08, G09, G11', 4),
(830, 'G15', 7),
(831, 'G12, G18', 9),
(832, 'G12, G24', 13),
(833, 'G08,G09, G20', 4),
(834, 'G01, G02, G07', 3),
(835, 'G09, G16, G17, G18', 8),
(836, 'G12, G16, G17, G18', 8),
(837, 'G08, G16, G17, G20', 8),
(838, 'G11, G16, G17, G18', 8),
(839, 'G08, G09, G10, G11', 4),
(840, 'G02, G08, G09, G11', 4),
(841, 'G04, G05, G11', 2),
(842, 'G02, G20, G22', 11),
(843, 'G04, G05, G06, G20', 2),
(844, 'G12, G16, G17, G18', 8),
(845, 'G08,G09, G20', 4),
(846, 'G02, G20, G21', 10),
(847, 'G08,G09, G20', 4),
(848, 'G22, G23', 11),
(849, 'G04, G05, G11', 2),
(850, 'G12, G18', 9),
(851, 'G02, G09, G10, G11', 4),
(852, 'G01, G02, G07', 3),
(853, 'G02, G08, G10, G11', 4),
(854, 'G01, G02, G03', 1),
(855, 'G01, G02, G07', 3),
(856, 'G01, G02, G07, G23', 3),
(857, 'G02, G12, G13', 5),
(858, 'G04, G05, G06, G20', 2),
(859, 'G02, G15', 7),
(860, 'G02, G20, G21', 10),
(861, 'G02, G12', 5),
(862, 'G12, G18, G24', 13),
(863, 'G12, G13,G24', 6),
(864, 'G01, G02, G07', 3),
(865, 'G01, G02, G07', 3),
(866, 'G02, G12, G13', 5),
(867, 'G01, G02, G03', 1),
(868, 'G01, G02, G07', 3),
(869, 'G04, G05, G11', 2),
(870, 'G04, G05, G06, G20', 2),
(871, 'G12, G18', 9),
(872, 'G02, G20, G22', 11),
(873, 'G02, G12, G18', 9),
(874, 'G22, G23', 11),
(875, 'G08,G09, G20', 4),
(876, 'G02, G20, G21', 10),
(877, 'G02, G15', 7),
(878, 'G02, G20, G22', 11),
(879, 'G08,G09, G20', 4),
(880, 'G12, G18, G24', 13),
(881, 'G02, G11, G22', 11),
(882, 'G02, G20, G21', 10),
(883, 'G13, G14', 6),
(884, 'G04, G05, G06, G20', 2),
(885, 'G02, G12, G13, G14', 6),
(886, 'G01, G02, G07', 3),
(887, 'G08,G09, G20', 4),
(888, 'G04, G05, G11', 2),
(889, 'G08,G09, G20', 4),
(890, 'G12, G18', 9),
(891, 'G04, G05, G11', 2),
(892, 'G12, G18, G24', 13),
(893, 'G02, G20, G21', 10),
(894, 'G02, G12, G18', 9),
(895, 'G02, G15', 7),
(896, 'G02, G13, G14', 6),
(897, 'G02, G20, G21', 10),
(898, 'G09, G16, G17, G18', 8),
(899, 'G12, G16, G17, G18', 8),
(900, 'G08, G16, G17, G20', 8),
(901, 'G11, G16, G17, G18', 8),
(902, 'G01, G02, G03', 1),
(903, 'G02, G12, G13', 5),
(904, 'G01, G02, G07', 3),
(905, 'G02, G20, G21', 10),
(906, 'G02, G11, G22', 11),
(907, 'G12, G18, G24', 13),
(908, 'G12, G18', 9),
(909, 'G02, G20, G22', 11),
(910, 'G02, G15', 7),
(911, 'G02, G12, G18', 9),
(912, 'G02, G20, G21', 10),
(913, 'G04, G05, G06, G20', 2),
(914, 'G15', 7),
(915, 'G02, G20, G21', 10),
(916, 'G12, G24', 13),
(917, 'G02, G11, G22', 11),
(918, 'G08, G09, G10, G11', 4),
(919, 'G02, G11, G22', 11),
(920, 'G01, G02, G07', 3),
(921, 'G12, G18, G19', 9),
(922, 'G12, G18, G19', 9),
(923, 'G08, G09, G10, G11', 4),
(924, 'G02, G11, G22', 11),
(925, 'G22, G23', 11),
(926, 'G12, G24', 13),
(927, 'G12, G18', 9),
(928, 'G01, G02, G07', 3),
(929, 'G22, G23', 11),
(930, 'G01, G02, G07', 3),
(931, 'G02, G20, G21', 10),
(932, 'G02, G15', 7),
(933, 'G04, G05, G06, G20', 2),
(934, 'G01, G02, G03, G04', 1),
(935, 'G08, G09, G10, G11', 4),
(936, 'G15', 7),
(937, 'G02, G20, G22', 11),
(938, 'G13, G14, G24', 6),
(939, 'G08, G09, G10, G11', 4),
(940, 'G12, G18, G24', 13),
(941, 'G08, G09, G10, G11', 4),
(942, 'G04, G05, G11', 2),
(943, 'G13,G14', 6),
(944, 'G12, G18, G24', 13),
(945, 'G12, G18', 9),
(946, 'G15', 7),
(947, 'G02, G11, G22', 11),
(948, 'G22, G23', 11),
(949, 'G02, G20, G21', 10),
(950, 'G01, G02, G07', 3),
(951, 'G02, G12, G13', 5),
(952, 'G01, G02, G03', 1),
(953, 'G02, G15', 7),
(954, 'G08, G09, G10, G11', 4),
(955, 'G12, G18, G24', 13),
(956, 'G02, G20, G22', 11),
(957, 'G02, G13, G14', 6),
(958, 'G13,G14', 6),
(959, 'G04, G05, G06, G20', 2),
(960, 'G02, G11, G22', 11),
(961, 'G12, G18, G24', 13),
(962, 'G12, G18', 9),
(963, 'G02, G13, G14', 6),
(964, 'G02, G13, G14', 6),
(965, 'G22, G23', 11),
(966, 'G01, G02, G07', 3),
(967, 'G22, G23', 11),
(968, 'G12, G18, G24', 13),
(969, 'G02, G20, G21', 10),
(970, 'G12, G18, G24', 13),
(971, 'G02, G15', 7),
(972, 'G02, G20, G21', 10),
(973, 'G12, G18', 9),
(974, 'G08, G09, G10, G11', 4),
(975, 'G02, G11, G22', 11),
(976, 'G04, G05, G11', 2),
(977, 'G12, G24', 13),
(978, 'G08,G09, G20', 4),
(979, 'G02, G13, G14, G20, G23', 6),
(980, 'G01, G02, G03, G04', 1),
(981, 'G01, G02, G07', 3),
(982, 'G02, G13, G14', 6),
(983, 'G02, G12, G13', 5),
(984, 'G02, G12, G13', 5),
(985, 'G08, G09, G10, G11', 4),
(986, 'G12, G18, G24', 13),
(987, 'G22, G23', 11),
(988, 'G12, G18, G24', 13),
(989, 'G13,G14', 6),
(990, 'G13,G14', 6),
(991, 'G12, G18', 9),
(992, 'G01, G02, G03, G04', 1),
(993, 'G13,G14', 6),
(994, 'G22, G23', 11),
(995, 'G02, G15', 7),
(996, 'G01, G02, G07', 3),
(997, 'G12, G18, G24', 13),
(998, 'G12, G18', 9),
(999, 'G08,G09, G20', 4),
(1000, 'G02, G12', 5),
(1001, 'G04, G05, G11', 2),
(1002, 'G09, G16, G17, G18', 8),
(1003, 'G12, G16, G17, G18', 8),
(1004, 'G08, G16, G17, G20', 8),
(1005, 'G11, G16, G17, G18', 8),
(1006, 'G12, G24', 13),
(1007, 'G02, G12, G18', 9),
(1008, 'G01, G02, G03, G04', 1),
(1009, 'G08, G09, G10, G11', 4),
(1010, 'G08, G09, G10, G11', 4),
(1011, 'G12, G18', 9),
(1012, 'G02, G11, G22', 11),
(1013, 'G21, G20', 12),
(1014, 'G22, G08', 12),
(1015, 'G22, G02', 12),
(1016, 'G12, G23', 12);

-- --------------------------------------------------------

--
-- Table structure for table `gejala`
--

CREATE TABLE `gejala` (
  `id` int(12) NOT NULL,
  `code` varchar(25) NOT NULL,
  `name` varchar(50) NOT NULL,
  `description` varchar(255) NOT NULL
) ENGINE=InnoDB DEFAULT CHARSET=utf8mb4;

--
-- Dumping data for table `gejala`
--

INSERT INTO `gejala` (`id`, `code`, `name`, `description`) VALUES
(1, 'G01', 'Bercak-bercak putih pada daun', 'Bercak-bercak putih pada daun adalah'),
(2, 'G02', 'Daun mengering', 'Daun mengering adalaha'),
(3, 'G03', 'Seluruh helaian daun penuh dengan korokan', 'Seluruh helaian daun penuh dengan korokan adlaah'),
(4, 'G04', 'Daun berlubang tidak beraturan', 'Daun berlubang tidak beraturan adalah'),
(5, 'G05', 'Umbi habis termakan ulat', 'Umbi habis termakan ulat adalah'),
(6, 'G06', 'Daun menjadi pipih', 'Daun menjadi pipih adalah'),
(7, 'G07', 'Ujung daun berlubang', 'Ujung daun berlubang adalah'),
(8, 'G08', 'Daun tampak mengeriting', 'Daun tampak mengeriting adlaah'),
(9, 'G09', 'Daun akan berliku', 'Daun akan berliku adlaah'),
(10, 'G10', 'Warna daun kelabu', 'Warna daun kelabua adalah'),
(11, 'G11', 'Ujung daun bengkok', 'Ujung daun bengkok adalah'),
(12, 'G12', 'Akar rusak', 'Akar rusak adlaah'),
(13, 'G13', 'Tangkai daun rusak', 'Tangkai daun rusak adlaah'),
(14, 'G14', 'Pangkal daun rusak', 'Pangkal daun rusak adalah'),
(15, 'G15', 'Bercak-bercak kekuning-kuningan', 'Bercak-bercak kekuning-kuningan adalah'),
(16, 'G16', 'Bercak Berwarna Ungu', 'Bercak Berwarna Ungu adalah'),
(17, 'G17', 'Ujung daun mengering', 'Bercak Berwarna Ungu adlaah'),
(18, 'G18', 'Umbi membusuk', 'Umbi membusuk adalah'),
(19, 'G19', 'Pangkal daun memanjang', 'Pangkal daun memanjang adalah'),
(20, 'G20', 'Tangkai daun mengering', 'Tangkai daun mengering adalah'),
(21, 'G21', 'Ujung daun berwarna puca', 'Ujung daun berwarna puca adlaah'),
(22, 'G22', 'Terdapat kumpulan titik hitam melingkar', 'Terdapat kumpulan titik hitam melingka adlaah'),
(23, 'G23', 'Pangkal daun mengering', 'Pangkal daun mengering adalah'),
(24, 'G24', 'Tangkai daun membusuk', 'Tangkai daun membusuk adlaha');

-- --------------------------------------------------------

--
-- Table structure for table `problems`
--

CREATE TABLE `problems` (
  `id` int(12) NOT NULL,
  `code` varchar(25) NOT NULL,
  `name` varchar(50) NOT NULL,
  `description` varchar(50) NOT NULL,
  `image` varchar(50) NOT NULL,
  `solution` varchar(255) NOT NULL
) ENGINE=InnoDB DEFAULT CHARSET=utf8mb4;

--
-- Dumping data for table `problems`
--

INSERT INTO `problems` (`id`, `code`, `name`, `description`, `image`, `solution`) VALUES
(1, 'P01', 'Lalat Pengorok Daun', 'Lalat Pengorok Daun adalah', 'default.jpg', 'Solusi yang bisa dilakukan adalah'),
(2, 'P02', 'Ulat Grayak', 'Ulat Grayak adalah', 'default.jpg', 'cara mengatasinya Ulat Grayak adalah'),
(3, 'P03', 'Ulat Bawang', 'Ulat Bawang adalah', 'default.jpg', 'cara mengatasi Ulat Bawang'),
(4, 'P04', 'Hama Putih Atau Trips', 'Hama Putih Atau Trips adalah', 'default.jpg', 'cara mengatasi Hama Putih Atau Trips'),
(5, 'P05', 'Orong-Orong', 'Orong-Orong adalah', 'default.jpg', 'cara mengatasi Orong-Orong'),
(6, 'P06', 'Ulat Tanah', 'Ulat Tanah adalah', 'default.jpg', 'Cara mengatasi Ulat Tanah'),
(7, 'P07', 'Penyakit Ngelumpruk Atau Leumpeuh', 'Penyakit Ngelumpruk Atau Leumpeuh adalah', 'default.jpg', 'cara mengatasi Penyakit Ngelumpruk Atau Leumpeuh'),
(8, 'P08', 'Bercak ungu atau Trotol', 'Bercak ungu atau Trotol adalah', 'default.jpg', 'cara mengatasi Bercak ungu atau Trotol'),
(9, 'P09', 'Penyakit Moler', 'Penyakit Moler adalah', 'default.jpg', 'cara mengatasi Penyakit Moler'),
(10, 'P10', 'Embun Buluk', 'Embun Buluk adalah', 'default.jpg', 'cara mengatasi Embun Buluk'),
(11, 'P11', 'Antraknosa', 'Antraknosa adalah', 'default.jpg', 'cara mengatasi Antraknosa'),
(12, 'P12', 'Bercak Daun', 'Bercak Daun adlaah', 'default.jpg', 'cara mengatasi Bercak Daun'),
(13, 'P13', 'Busuk leher akar', 'Busuk leher akar adlaah', 'default.jpg', 'cara megatasi Busuk leher akar');

-- --------------------------------------------------------

--
-- Table structure for table `rules`
--

CREATE TABLE `rules` (
  `id` int(12) NOT NULL,
  `code` varchar(25) NOT NULL,
  `belief` double NOT NULL,
  `problems_id` int(12) NOT NULL,
  `gejala_id` int(12) NOT NULL
) ENGINE=InnoDB DEFAULT CHARSET=utf8mb4;

--
-- Dumping data for table `rules`
--

INSERT INTO `rules` (`id`, `code`, `belief`, `problems_id`, `gejala_id`) VALUES
(1, 'R01', 0.3, 1, 1),
(2, 'R02', 0.3, 1, 2),
(3, 'R03', 0.29, 1, 3),
(4, 'R04', 0.28, 1, 4),
(5, 'R05', 0.3, 2, 4),
(6, 'R06', 0.3, 2, 5),
(7, 'R07', 0.28, 2, 6),
(8, 'R08', 0.33, 2, 11),
(9, 'R09', 0.25, 2, 20),
(10, 'R10', 0.3, 3, 1),
(11, 'R11', 0.3, 3, 2),
(12, 'R12', 0.3, 3, 7),
(13, 'R13', 0.25, 3, 23),
(14, 'R14', 0.24, 4, 2),
(15, 'R15', 0.28, 4, 8),
(16, 'R16', 0.28, 4, 9),
(17, 'R17', 0.24, 4, 10),
(18, 'R18', 0.25, 4, 11),
(19, 'R19', 0.17, 4, 16),
(20, 'R20', 0.17, 4, 17),
(21, 'R21', 0.33, 4, 20),
(22, 'R22', 0.37, 5, 2),
(23, 'R23', 0.37, 5, 12),
(24, 'R24', 0.33, 5, 13),
(25, 'R25', 0.32, 6, 2),
(26, 'R26', 0.29, 6, 12),
(27, 'R27', 0.37, 6, 13),
(28, 'R28', 0.37, 6, 14),
(29, 'R29', 0.2, 6, 20),
(30, 'R30', 0.2, 6, 23),
(31, 'R31', 0.33, 6, 24),
(32, 'R32', 0.49, 7, 2),
(33, 'R33', 0.5, 7, 11),
(34, 'R34', 0.33, 7, 14),
(35, 'R35', 0.68, 7, 15),
(36, 'R36', 0.5, 7, 17),
(37, 'R37', 0.25, 8, 8),
(38, 'R38', 0.24, 8, 9),
(39, 'R39', 0.24, 8, 11),
(40, 'R40', 0.25, 8, 12),
(41, 'R41', 0.26, 8, 16),
(42, 'R42', 0.26, 8, 17),
(43, 'R43', 0.25, 8, 18),
(44, 'R44', 0.2, 8, 19),
(45, 'R45', 0.27, 8, 20),
(46, 'R46', 0.33, 9, 2),
(47, 'R47', 0.25, 9, 11),
(48, 'R48', 0.39, 9, 12),
(49, 'R49', 0.39, 9, 18),
(50, 'R50', 0.32, 9, 19),
(51, 'R51', 0.31, 10, 2),
(52, 'R52', 0.32, 10, 20),
(53, 'R53', 0.33, 10, 21),
(54, 'R54', 0.31, 10, 23),
(55, 'R55', 0.34, 11, 2),
(56, 'R56', 0.33, 11, 11),
(57, 'R57', 0.33, 11, 20),
(58, 'R58', 0.39, 11, 22),
(59, 'R59', 0.5, 11, 23),
(60, 'R60', 0.5, 12, 2),
(61, 'R61', 0.5, 12, 8),
(62, 'R62', 0.5, 12, 12),
(63, 'R63', 0.5, 12, 20),
(64, 'R64', 0.5, 12, 21),
(65, 'R65', 0.5, 12, 22),
(66, 'R66', 0.5, 12, 23),
(67, 'R67', 0.4, 13, 12),
(68, 'R68', 0.33, 13, 18),
(69, 'R69', 0.4, 13, 24);

-- --------------------------------------------------------

--
-- Table structure for table `user`
--

CREATE TABLE `user` (
  `id_user` int(11) NOT NULL,
  `nama` varchar(50) NOT NULL,
  `username` varchar(50) NOT NULL,
  `password` varchar(200) NOT NULL,
  `level` varchar(10) NOT NULL,
  `alamat` varchar(300) NOT NULL,
  `no_telp` varchar(20) NOT NULL,
  `tanggal_registrasi` timestamp NOT NULL DEFAULT current_timestamp() ON UPDATE current_timestamp()
) ENGINE=InnoDB DEFAULT CHARSET=utf8mb4;

--
-- Dumping data for table `user`
--

INSERT INTO `user` (`id_user`, `nama`, `username`, `password`, `level`, `alamat`, `no_telp`, `tanggal_registrasi`) VALUES
(1, 'Ari Sumardi', 'admin', '21232f297a57a5a743894a0e4a801fc3', '1', 'Tangerang', '085863727216', '2021-12-22 06:42:10'),
(2, 'Dimas Arestu', 'user', 'ee11cbb19052e40b07aac0ca060c23ee', '2', 'Pekanbaru', '087223727211', '2021-12-22 06:42:54');

--
-- Indexes for dumped tables
--

--
-- Indexes for table `data_hasil_training`
--
ALTER TABLE `data_hasil_training`
  ADD PRIMARY KEY (`id`),
  ADD KEY `user_id` (`user_id`);

--
-- Indexes for table `data_training`
--
ALTER TABLE `data_training`
  ADD PRIMARY KEY (`id`),
  ADD KEY `problems_id` (`problems_id`);

--
-- Indexes for table `data_uji`
--
ALTER TABLE `data_uji`
  ADD PRIMARY KEY (`id`),
  ADD KEY `problems_id` (`problems_id`),
  ADD KEY `problems_id_2` (`problems_id`);

--
-- Indexes for table `gejala`
--
ALTER TABLE `gejala`
  ADD PRIMARY KEY (`id`);

--
-- Indexes for table `problems`
--
ALTER TABLE `problems`
  ADD PRIMARY KEY (`id`);

--
-- Indexes for table `rules`
--
ALTER TABLE `rules`
  ADD PRIMARY KEY (`id`),
  ADD KEY `problem_id` (`problems_id`),
  ADD KEY `evidences_id` (`gejala_id`);

--
-- Indexes for table `user`
--
ALTER TABLE `user`
  ADD PRIMARY KEY (`id_user`);

--
-- AUTO_INCREMENT for dumped tables
--

--
-- AUTO_INCREMENT for table `data_hasil_training`
--
ALTER TABLE `data_hasil_training`
  MODIFY `id` int(12) NOT NULL AUTO_INCREMENT, AUTO_INCREMENT=3083;

--
-- AUTO_INCREMENT for table `data_training`
--
ALTER TABLE `data_training`
  MODIFY `id` int(11) NOT NULL AUTO_INCREMENT, AUTO_INCREMENT=1017;

--
-- AUTO_INCREMENT for table `data_uji`
--
ALTER TABLE `data_uji`
  MODIFY `id` int(11) NOT NULL AUTO_INCREMENT, AUTO_INCREMENT=1017;

--
-- AUTO_INCREMENT for table `gejala`
--
ALTER TABLE `gejala`
  MODIFY `id` int(12) NOT NULL AUTO_INCREMENT, AUTO_INCREMENT=25;

--
-- AUTO_INCREMENT for table `problems`
--
ALTER TABLE `problems`
  MODIFY `id` int(12) NOT NULL AUTO_INCREMENT, AUTO_INCREMENT=14;

--
-- AUTO_INCREMENT for table `rules`
--
ALTER TABLE `rules`
  MODIFY `id` int(12) NOT NULL AUTO_INCREMENT, AUTO_INCREMENT=70;

--
-- AUTO_INCREMENT for table `user`
--
ALTER TABLE `user`
  MODIFY `id_user` int(11) NOT NULL AUTO_INCREMENT, AUTO_INCREMENT=3;

--
-- Constraints for dumped tables
--

--
-- Constraints for table `data_training`
--
ALTER TABLE `data_training`
  ADD CONSTRAINT `data_training_ibfk_1` FOREIGN KEY (`problems_id`) REFERENCES `problems` (`id`);

--
-- Constraints for table `data_uji`
--
ALTER TABLE `data_uji`
  ADD CONSTRAINT `data_uji_ibfk_1` FOREIGN KEY (`problems_id`) REFERENCES `problems` (`id`);

--
-- Constraints for table `rules`
--
ALTER TABLE `rules`
  ADD CONSTRAINT `rules_ibfk_1` FOREIGN KEY (`problems_id`) REFERENCES `problems` (`id`) ON UPDATE CASCADE,
  ADD CONSTRAINT `rules_ibfk_2` FOREIGN KEY (`gejala_id`) REFERENCES `gejala` (`id`) ON UPDATE CASCADE;
COMMIT;

/*!40101 SET CHARACTER_SET_CLIENT=@OLD_CHARACTER_SET_CLIENT */;
/*!40101 SET CHARACTER_SET_RESULTS=@OLD_CHARACTER_SET_RESULTS */;
/*!40101 SET COLLATION_CONNECTION=@OLD_COLLATION_CONNECTION */;
